{
    "configs": [
        "cus-profileupdate-v1-svc-impl.xml",
        "cus-profileupdate-v1-svc.xml",
        "common-flows.xml",
        "logger-flows.xml",
        "global-config.xml",
        "generate-jwt-token.xml",
        "global-error-handler.xml",
        "mambu-marqeta-update-impl.xml",
        "dlq-mambu-marqeta-flows.xml"
    ],
    "name": "cus_profileupdate_v1_svc",
    "requiredProduct": "MULE_EE",
    "minMuleVersion": "4.3.0",
    "bundleDescriptorLoader": {
        "attributes": {},
        "id": "mule"
    },
    "javaSpecificationVersions": ["17"],
    "secureProperties": [
        "anypoint.platform.client_id",
        "anypoint.platform.client_secret",
        "token",
        "jwt-eu.http.username",
        "jwt-eu.http.password"
    ]
}