<?xml version="1.0" encoding="UTF-8"?>

<mule xmlns:http="http://www.mulesoft.org/schema/mule/http"
	xmlns:jms="http://www.mulesoft.org/schema/mule/jms"
	xmlns:ee="http://www.mulesoft.org/schema/mule/ee/core"
	xmlns="http://www.mulesoft.org/schema/mule/core" xmlns:doc="http://www.mulesoft.org/schema/mule/documentation"
	xmlns:xsi="http://www.w3.org/2001/XMLSchema-instance"
	xsi:schemaLocation="
http://www.mulesoft.org/schema/mule/http http://www.mulesoft.org/schema/mule/http/current/mule-http.xsd 
http://www.mulesoft.org/schema/mule/jms http://www.mulesoft.org/schema/mule/jms/current/mule-jms.xsd 
http://www.mulesoft.org/schema/mule/ee/core http://www.mulesoft.org/schema/mule/ee/core/current/mule-ee.xsd http://www.mulesoft.org/schema/mule/core http://www.mulesoft.org/schema/mule/core/current/mule.xsd">

	<sub-flow name="business-event-notification-subflow" doc:id="2e540dbb-216a-4665-b2cb-845d2eb5d52c" >
		<async doc:name="Async" doc:id="30c71c61-8b0d-47ba-b960-eda80a409adb" >
			<ee:transform doc:name="prepareBusinessEventMessage" doc:id="6ae3de42-69ab-4187-b4b4-86799586e0e0">
				<ee:message >
					<ee:set-payload resource="dwl/business_event_notification_message.dwl" />
				</ee:message>
				<ee:variables>
				</ee:variables>
			</ee:transform>
			<logger level="INFO" doc:name="logPayload" doc:id="e5129b08-d474-44be-b54e-915789c59a75" message="Business Event Payload: #[payload]" />
			<http:request method="${wu_events.method}" doc:name="postBusinessEvents" doc:id="de626072-d63e-4543-bc0b-c02e4081e44a" config-ref="WUEventsHTTPRequestConfig" path="${wu_events.business_events_path}" target="beResponse" >
				<http:headers ><![CDATA[#[%dw 2.0
import p from Mule
output application/java
---
{
	"x-wu-externalRefId": vars.incomingRequestDetails.externalRefId,
	"x-api-key": p('commonsvc.xapikey'),
	"x-wu-correlationId": vars.incomingRequestDetails.correlationId
}]]]></http:headers>
			</http:request>
		</async>
	</sub-flow>
	<sub-flow name="error-event-notification-subflow" doc:id="2e39ec41-3ecc-4575-bd6b-3f98164adab7" >
		<async doc:name="Async" doc:id="2b6ff653-9a4c-49fe-9b42-31b8ca03ca5f" >
			<ee:transform doc:name="prepareBusinessEventMessage" doc:id="63fb404b-5259-44bd-ba61-98b3484824f8">
				<ee:message>
					<ee:set-payload resource="dwl/error_event_notification_message.dwl" />
				</ee:message>
				<ee:variables>
				</ee:variables>
			</ee:transform>
			<logger level="INFO" doc:name="logPayload" doc:id="fb4ee582-6d92-4b77-834b-6fb6aadd482b" message="Error Event Payload: #[payload]" />
			<http:request method="${wu_events.method}" doc:name="postErrorEvents" doc:id="365e31c7-5cf0-4b46-b50f-d531ea09a9f1" config-ref="WUEventsHTTPRequestConfig" path="${wu_events.error_events_path}">
				<http:headers><![CDATA[#[%dw 2.0
import p from Mule
output application/java
---
{
	"x-wu-externalRefId": vars.incomingRequestDetails.externalRefId,
	"x-api-key": p('commonsvc.xapikey'),
	"x-wu-correlationId": vars.incomingRequestDetails.correlationId
}]]]></http:headers>
			</http:request>
		</async>
	</sub-flow>
	<sub-flow name="set-transactions-data-subflow" doc:id="a862d35a-b23b-4d77-b8fc-54f11263251c" >
		<ee:transform doc:name="setIncomingRequestDetails" doc:id="5f7ba388-8983-402f-be1c-042f1b7b114f">
			<ee:message>
			</ee:message>
			<ee:variables>
				<ee:set-variable resource="dwl/incoming_transactions_data.dwl" variableName="incomingRequestDetails" />
			</ee:variables>
		</ee:transform>
	</sub-flow>
</mule>