<?xml version="1.0" encoding="UTF-8"?>

<mule xmlns:anypoint-mq="http://www.mulesoft.org/schema/mule/anypoint-mq" xmlns:munit="http://www.mulesoft.org/schema/mule/munit"
	xmlns:validation="http://www.mulesoft.org/schema/mule/validation"
	xmlns:http="http://www.mulesoft.org/schema/mule/http" xmlns:ee="http://www.mulesoft.org/schema/mule/ee/core" xmlns:os="http://www.mulesoft.org/schema/mule/os" xmlns="http://www.mulesoft.org/schema/mule/core" xmlns:doc="http://www.mulesoft.org/schema/mule/documentation" xmlns:xsi="http://www.w3.org/2001/XMLSchema-instance" xsi:schemaLocation="http://www.mulesoft.org/schema/mule/core http://www.mulesoft.org/schema/mule/core/current/mule.xsd
http://www.mulesoft.org/schema/mule/os http://www.mulesoft.org/schema/mule/os/current/mule-os.xsd
http://www.mulesoft.org/schema/mule/ee/core http://www.mulesoft.org/schema/mule/ee/core/current/mule-ee.xsd
http://www.mulesoft.org/schema/mule/http http://www.mulesoft.org/schema/mule/http/current/mule-http.xsd
http://www.mulesoft.org/schema/mule/validation http://www.mulesoft.org/schema/mule/validation/current/mule-validation.xsd
http://www.mulesoft.org/schema/mule/munit http://www.mulesoft.org/schema/mule/munit/current/mule-munit.xsd
http://www.mulesoft.org/schema/mule/anypoint-mq http://www.mulesoft.org/schema/mule/anypoint-mq/current/mule-anypoint-mq.xsd">
	<sub-flow name="cus-profileupdate-impl-subflow" doc:id="c78d905d-2092-4879-b452-bf1b4b7f79ad" >
		<ee:transform doc:name="storeIncomingHTTPDetails" doc:id="868381da-af56-4e6f-9f49-5d04d7196ff7">
			<ee:message>
			</ee:message>
			<ee:variables>
				<ee:set-variable variableName="incomingBody"><![CDATA[%dw 2.0
output application/json
---
payload]]></ee:set-variable>
				<ee:set-variable variableName="incomingHeaders"><![CDATA[%dw 2.0
output application/java
---
attributes.headers]]></ee:set-variable>
				<ee:set-variable variableName="incomingUri"><![CDATA[%dw 2.0
output application/java
---
attributes.requestUri]]></ee:set-variable>
				<ee:set-variable variableName="incomingQueryparams"><![CDATA[%dw 2.0
output application/java
---
attributes.queryParams]]></ee:set-variable>
				<ee:set-variable variableName="correlationId"><![CDATA[%dw 2.0
output application/java
---
attributes.headers.'x-wu-correlationId' default correlationId]]></ee:set-variable>
				<ee:set-variable variableName="incomingHttpMethod"><![CDATA[%dw 2.0
output application/java
---
attributes.method]]></ee:set-variable>
				<ee:set-variable variableName="startTime"><![CDATA[%dw 2.0
output application/java
---
(now() >>"UTC") as String {
			format: "yyyy-MM-dd'T'HH:mm:ss.SSSSSS"
		}]]></ee:set-variable>
			</ee:variables>
		</ee:transform>
		<logger level="DEBUG" doc:name="logIncomingPayload" doc:id="749f93e6-d673-4bae-810a-8e7af2e2fd4f" message='"Incoming Payload --&gt;" : #[vars.incomingBody]' />
		<os:retrieve doc:name="retrieveTokenFromCache" doc:id="274deffe-a15f-489f-9bc8-59f3d57e6d5d" objectStore="jwt_Token_Object_Store" key="jwt-eu-token" target="jwtTokenEU">
			<os:default-value><![CDATA[#[vars.jwtTokenEU]]]></os:default-value>
		</os:retrieve>
		<flow-ref doc:name="flowReferenceToUcdLookUpCall" doc:id="2d591cc3-6e20-4f65-bcb8-440f3a921086" name="ucd-profile-lookup-subflow" />
		<flow-ref doc:name="flowReferenceToBlazeRiskCall" doc:id="949657fc-4f3e-4b69-a757-042da6bb86c1" name="blaze-risk-call-subflow"/>
		<flow-ref doc:name="flowReferenceToRacProfileCall" doc:id="14e1ef72-5ce9-4470-b5a5-c30d64dbb577" name="rac-profile-update-subflow" />
	</sub-flow>
	<sub-flow name="rac-profile-update-subflow" doc:id="27b05e4d-f562-44f0-8499-d868625e0b77" >
		<set-variable value='${rac.profile.upstreamName}' doc:name="setUpstreamServiceName" doc:id="11d00cf6-24f5-44f8-b0f4-961f1b87811c" variableName="upstreamServiceName"/>
		<ee:transform doc:name="racProfileRequest" doc:id="31c7b211-fba5-437d-87cb-4995c9d577f2">
			<ee:message>
				<ee:set-payload resource="dwl/racProfileRequest.dwl" />
			</ee:message>
		</ee:transform>
		<ee:transform doc:name="RAC Verify in AScii" doc:id="55a926a4-33a2-4818-ba91-0a92c7627e5e" >
			<ee:message >
				<ee:set-payload ><![CDATA[%dw 2.0
import java!com::WesternUnion::AsciiConverter
output application/json
var racpayload = write(payload,"application/json") as String
---
read(AsciiConverter::convertNonAsciiToAscii(racpayload), "application/json")]]></ee:set-payload>
			</ee:message>
		</ee:transform>
		<async doc:name="Async" doc:id="7a2ce1c5-87e6-424d-9974-36bebd0fc8ab" >
			<set-payload value="#[payload]" doc:name="RAC Request Payload" doc:id="2fab55c3-4f1b-4025-8f7a-af52ecb6c132" />
			<flow-ref doc:name="Logger Data Mask" doc:id="0138ccf5-f281-4504-bfa1-4cc8b9273ba7" name="logger-data-masking-sub-flow" />
			<logger level="DEBUG" doc:name="Log RAC Request Payload" doc:id="4ef54894-d3b1-4ff8-ac27-ac4a23d8a682" message="#[payload]" category="com.wu.mule.debug" />
		</async>
		<flow-ref doc:name="outboundStartLogSubflow" doc:id="632000af-5e1d-4b81-bf8b-a75f10beb120" name="outbound-start-log-subflow" />
		<until-successful maxRetries="${maxRetries}" doc:name="Until Successful" doc:id="ffc20172-7c93-42e6-8eb1-bd4af66004f4" millisBetweenRetries="${frequency}">
			<try doc:name="Try" doc:id="f464bc09-f411-4c20-a7d4-a62f46eba92a">
				<http:request method="${rac.profile.method}" doc:name="racProfileCall" doc:id="b686b2c9-972f-4196-9fa1-d7298c6628a4" config-ref="HTTP_Request_Rac_Profile_Configuration" path="${rac.profile.path}" target="racProfileResponse">
					<http:headers><![CDATA[#[import p from Mule
output application/java
---
{
	"x-wu-externalRefId" : vars.incomingHeaders."x-wu-externalRefId",
	"Authorization" : vars.jwtTokenEU,
	"x-api-key" : p('rac.xapikey'),
	"x-wu-correlationId" : vars.correlationId
}]]]></http:headers>
				</http:request>
				<error-handler ref="outbound-global-exception-strategy" />
			</try>
		</until-successful>
<async doc:name="Async" doc:id="99d5b0fc-eb84-4c2b-af90-3202cc342465" >
			<set-payload value="#[vars.racProfileResponse]" doc:name="Set Payload" doc:id="5e631ac3-d853-4605-b740-65473c94868e" />
			<flow-ref doc:name="Logger Data Mask" doc:id="1a757ee1-c966-4643-828f-76f595933398" name="logger-data-masking-sub-flow" />
			<logger level="DEBUG" doc:name="Logger" doc:id="12bbf961-e719-4824-a185-4efbe7a7b8ff" message="#[payload]" category="com.wu.mule.debug"/>
		</async>
		<ee:transform doc:name="Transform Message" doc:id="671f0031-993a-4510-bcbc-d92ae9a6d51f" >
			<ee:message >
			</ee:message>
			<ee:variables >
				<ee:set-variable variableName="applicationHeaders" ><![CDATA[%dw 2.0
import p from Mule
output application/json
---
{
	"processName": p('processName'),
	"flowName": p('racSubFlow'),
}]]></ee:set-variable>
			</ee:variables>
		</ee:transform>
		<validation:is-true doc:name="expressionValidator" doc:id="d289d7b2-6ae1-4954-b43d-4e95318250fc" expression="#[vars.errorObject==null]">
			<error-mapping sourceType="VALIDATION:INVALID_BOOLEAN" targetType="APP:HTTP_REQUEST_ERROR" />
		</validation:is-true>
		<logger level="DEBUG" doc:name="racProfileResponseLogger" doc:id="40a1ddf9-eb73-49e6-8cf8-2dcd382a17cb" message="#[vars.racProfileResponse]" />
		<set-variable value="#[%dw 2.0&#10;import p from Mule&#10;output application/java&#10;---&#10;write({ &#10;&#10;  &quot;EventData&quot;: {&#10;&#10;	 &quot;system&quot;: Mule::p('rac.businessEvent.system'),&#10;&#10;	 &quot;source&quot;: Mule::p('rac.businessEvent.source'),&#10;&#10;	 &quot;customerUmn&quot;: vars.incomingBody.customerUmn,&#10;&#10;	 &quot;galacticId&quot;: vars.racProfileResponse.galacticId,&#10;&#10;	 &quot;caseType&quot;: vars.racProfileResponse.caseDataList.caseType[0],&#10;&#10;	 &quot;kycStatus&quot;: vars.racProfileResponse.kycStatus,&#10;	 &quot;processName&quot;: p('processName'),&#10;	 &quot;flowName&quot;: p('racSubFlow'),&#10;&#10;	 &quot;eventStage&quot; : Mule::p('rac.businessEvent.eventStage'),&#10;&#10;	 &quot;description&quot;: Mule::p('rac.businessEvent.description')&#10;&#10;    }&#10;&#10; },&quot;application/json&quot;)]" doc:name="setBusinessEventData" doc:id="249fead2-49f4-4d42-ba7c-d6d1335b922a" variableName="businessEventData" />
		<flow-ref doc:name="businessEventNotifySubFlow" doc:id="5b5cd94c-7f67-40a5-9351-620c4483fbca" name="business-event-notification-subflow" />
		<choice doc:name="Choice" doc:id="02fd347a-24d9-4900-ac01-6fd56b1aff3f" >
			<when expression="#[vars.accountTypeId == (p('euOneApp.ucd.accountTypeId') as Number)]">
				<logger level="INFO" doc:name="LOG : INFO" doc:id="08a67617-d72a-416b-a255-7a083de71b4c" message='#[(vars.incomingRequestDetails.externalRefId default "") ++ " EU_One_APP call: AccountType ID- " ++ (vars.accountTypeId default "") ++ "... RAC Profile Response - " ++ (write(vars.racProfileResponse, "application/json"))]'/>
				<flow-ref doc:name="ucd-profile-update-subflow" doc:id="9d184214-7b10-4025-bf56-f3510042a4df" name="ucd-profile-update-subflow" />
				<ee:transform doc:name="successResponse" doc:id="b9cbb11d-9753-4b39-85b1-994bb101e0af">
					<ee:message>
						<ee:set-payload><![CDATA[%dw 2.0
output application/json
---
{
	"customerUMN": vars.ucdLookUpResponse.searchedBy.customerUmn,
	"success": Mule::p('rac.profile.status') as Boolean,
	"statusCode": Mule::p('rac.profile.statusCode') as Number,
	"description": if(vars.incomingBody.phoneNumber?) Mule::p('racProfileResponse.responseStatus1') else Mule::p('racProfileResponse.responseStatus2')
}]]></ee:set-payload>
					</ee:message>
				</ee:transform>
			</when>
			<when expression="#[upper(vars.racProfileResponse.responseStatus) == Mule::p('racProfileResponse.responseStatus')]">
				<flow-ref doc:name="flowReferenceToUcdUpdateCall" doc:id="48ea8a4c-1e1b-4b88-ba8f-fd8223b787cf" name="ucd-profile-update-subflow" />
				<anypoint-mq:publish doc:name="Publish" doc:id="b57c3df1-b8ae-4eab-9eec-005900c05c5f" config-ref="Anypoint_MQ_Config" destination="${amq.exchange.name}">
<anypoint-mq:body><![CDATA[#[%dw 2.0
output application/json
---
vars.incomingRequestDetails.incomingBody ++ 
{
 	"clientId": vars.ucdLookUpResponse.customerDetails[0].customerPersonalInfo.customer.bankProfileId
 	
 }]]]></anypoint-mq:body>
<anypoint-mq:properties><![CDATA[#[output application/java
---
{
	"x-wu-externalRefId": vars.incomingHeaders."x-wu-externalRefId",
	"x-wu-correlationId": vars.incomingHeaders."x-wu-correlationId" default correlationId
}]]]></anypoint-mq:properties>
</anypoint-mq:publish>
				<ee:transform doc:name="successResponse" doc:id="c49f6e09-c1b5-42e9-9786-747b2a923c5b">
					<ee:message>
						<ee:set-payload><![CDATA[%dw 2.0
output application/json
---
{
	"customerUMN": vars.ucdLookUpResponse.searchedBy.customerUmn,
	"success": Mule::p('rac.profile.status') as Boolean,
	"statusCode": Mule::p('rac.profile.statusCode') as Number,
	"description": if(vars.incomingBody.phoneNumber?) Mule::p('racProfileResponse.responseStatus1') else Mule::p('racProfileResponse.responseStatus2')
}]]></ee:set-payload>
					</ee:message>
				</ee:transform>
			</when>
			<otherwise >
				<flow-ref doc:name="flowReferenceToUcdUpdateCall" doc:id="d3c8fd61-b44e-4bb3-92dd-96fc51fd8ad6" name="ucd-profile-update-subflow"/>
				<anypoint-mq:publish doc:name="Publish" doc:id="644180a8-704f-4dc9-afe6-5195b3874a57" config-ref="Anypoint_MQ_Config" destination="${amq.exchange.name}">
					<anypoint-mq:body><![CDATA[#[%dw 2.0
output application/json
---
vars.incomingRequestDetails.incomingBody ++ 
{
 	"clientId": vars.ucdLookUpResponse.customerDetails[0].customerPersonalInfo.customer.bankProfileId
 	
 }]]]></anypoint-mq:body>
					<anypoint-mq:properties><![CDATA[#[output application/java
---
{
	"x-wu-externalRefId": vars.incomingHeaders."x-wu-externalRefId",
	"x-wu-correlationId": vars.incomingHeaders."x-wu-correlationId" default correlationId
}]]]></anypoint-mq:properties>
				</anypoint-mq:publish>
				<flow-ref doc:name="flowReferenceToRacLookUpCall" doc:id="40978e11-b04c-4eb4-8986-6632f7470201" name="rac-profile-lookup-subflow" />
				<ee:transform doc:name="racLookUpResponse" doc:id="701b47e5-b696-4a31-8295-b7396a4e689a">
					<ee:message>
						<ee:set-payload><![CDATA[%dw 2.0
output application/json
var description = if(upper(vars.racProfileResponse.responseStatus) == Mule::p('racProfileResponse.responseStatus3'))
                      (if(vars.incomingBody.email?) Mule::p('racProfileResponse.responseStatus4') else Mule::p('racProfileResponse.responseStatus5'))
                  else (if(vars.incomingBody.email?) Mule::p('racProfileResponse.responseStatus6') else Mule::p('racProfileResponse.responseStatus7'))
---
{
	"customerUMN": vars.incomingBody.customerUmn,
	"success": Mule::p('rac.profile.status') as Boolean,
	"statusCode": Mule::p('rac.profile.statusCode') as Number,
	"description" : description,
	("newGalacticId" : vars.racProfileLookUpResponse.galacticId) if(upper(vars.racProfileResponse.responseStatus) == Mule::p('racProfileResponse.responseStatus3')),
	("oldGalacticId": vars.ucdLookupResponse.customerDetails[0].customerPersonalInfo.customer.galacticId) if(vars.racProfileResponse.responseStatus == Mule::p('racProfileResponse.responseStatus3')),
	("galacticId": vars.racProfileLookUpResponse.galacticId) if(upper(vars.racProfileResponse.responseStatus) != Mule::p('racProfileResponse.responseStatus3')),
	"customer": vars.racProfileLookUpResponse.customerDetails map (customerDetails, index) -> {
		
		"name": {
			"firstName": customerDetails.name.firstName,
			"lastName": customerDetails.name.lastName,
			"nameTypeId": customerDetails.name.nameType
		},
		("newPhoneNumber" : (customerDetails.contactNumber.countryCode default "" ++ customerDetails.contactNumber.phoneNumber default "")) if((vars.incomingBody.phoneNumber?) and ((customerDetails.wuCardNumber) == (vars.incomingBody.customerUmn))),
		("oldPhoneNumber":  ((vars.ucdLookupResponse.customerDetails[0].customerPhone filter ($.phone.phoneType == 1) map($.phone.isdCode) joinBy "") ++ (vars.ucdLookupResponse.customerDetails[0].customerPhone filter ($.phone.phoneType == 1) map($.phone.phoneNumber) joinBy ""))) if((vars.incomingBody.phoneNumber?) and ((customerDetails.wuCardNumber) == (vars.incomingBody.customerUmn))),
		 ("email": (customerDetails.email)) if((vars.incomingBody.phoneNumber?) or ((customerDetails.wuCardNumber) != (vars.incomingBody.customerUmn))),
		 ("oldEmail":  (vars.ucdLookUpResponse.customerDetails[0].customerEmail[0].email.emailValue)) if((vars.incomingBody.email?) and ((customerDetails.wuCardNumber) == (vars.incomingBody.customerUmn))),
		 ("newEmail": (customerDetails.email)) if((vars.incomingBody.email?) and ((customerDetails.wuCardNumber) == (vars.incomingBody.customerUmn))),
		 ("phoneNumber": (customerDetails.contactNumber.countryCode default "" ++ customerDetails.contactNumber.phoneNumber default "")) if((vars.incomingBody.email?) or ((customerDetails.wuCardNumber) != (vars.incomingBody.customerUmn))),
		 "dob": customerDetails.dateOfBirth,
		 "idNumber": customerDetails.idDetails map($.documentNumber)joinBy ",", 
		 //"accountType" : vars.ucdLookUpResponse.customerDetails[0].customerAccountInfo[0].account.accountTypeId,
		 "accountNumber": customerDetails.accountDetails.bankProfileId,
		 "address": {
		 	//"addressType": p('rac.profile.lookup.address.addrType') as Number,
		 	"streetAddress1": customerDetails.address.line1,
		 	"streetAddress2": customerDetails.address.line2,
		 	"city": customerDetails.address.city,
		 	"countryCodeIso2": customerDetails.address.country,
		 	"countryCodeIso3": customerDetails.address.countryCode,
		 	"zipPostalCode": customerDetails.address.postalCode,
		 	
		 }
		
}
}]]></ee:set-payload>
					</ee:message>
				</ee:transform>
			</otherwise>
		</choice>
	</sub-flow>
	<sub-flow name="ucd-profile-update-subflow" doc:id="d13ec93d-c9d2-43c3-9e00-e0b09f780dd8" >
		<set-variable value='${ucd.update.upstreamName}' doc:name="setUpstreamServiceName" doc:id="f4980469-bcbb-4ba7-a070-9ee6ce057300" variableName="upstreamServiceName" />
		<ee:transform doc:name="ucdUpdateRequest" doc:id="67fea0fb-b246-4dfa-b206-61bc0589b060">
			<ee:message>
				<ee:set-payload resource="dwl/ucdUpdateRequest.dwl" />
			</ee:message>
		</ee:transform>
		<async doc:name="Async" doc:id="5ff76d42-c0a6-4af9-beec-76fb5bd1e9f6">
			<set-payload value="#[payload]" doc:name="UCD Request Payload" doc:id="47d1e6c1-9643-4fdf-8f8a-5f934b13a367" />
			<flow-ref doc:name="Logger Data Mask" doc:id="f23e02b7-18f4-43e4-a6c6-09e097499733" name="logger-data-masking-sub-flow" />
			<logger level="DEBUG" doc:name="Log UCD Request Payload" doc:id="db375022-aea5-49e5-a55c-8305ae8df0e6" message="#[payload]" category="com.wu.mule.debug" />
		</async>
		<flow-ref doc:name="outboundStartLogSubflow" doc:id="ff1c42a9-e4a3-4b71-9cc8-4b11ff170ed2" name="outbound-start-log-subflow" />
		<until-successful maxRetries="${maxRetries}" doc:name="Until Successful" doc:id="bf72220c-6e77-4c83-a613-767ad0c4e73e" millisBetweenRetries="${frequency}">
			<try doc:name="Try" doc:id="337a651f-e737-44dd-bd68-ddbbe6574aed">
				<http:request method="${ucd.update.method}" doc:name="ucdUpdateCall" doc:id="edf2c27a-be7f-46ee-884f-bf8c2e7c4703" config-ref="HTTP_Request_Ucd_Update_Configuration" path="${ucd.update.path}" target="ucdUpdateResponse">
				<http:headers><![CDATA[#[import p from Mule
output application/java
---
{
	"x-api-key" : p('ucd.apikey'),
	"Authorization" : vars.jwtTokenEU,
	"Accept" : "application/json",
	"x-wu-correlationId" : vars.correlationId,
	"x-wu-externalRefId" : vars.incomingHeaders."x-wu-externalRefId" 
}]]]></http:headers>
			</http:request>
			<error-handler ref="outbound-global-exception-strategy" />
			</try>
		</until-successful>
		<async doc:name="Async" doc:id="0b651b84-4606-4e17-977d-ce3ed3d0be6e" >
			<set-payload value="#[vars.ucdUpdateResponse]" doc:name="Set Payload" doc:id="e491bbc9-54e6-4703-8d55-3410b1cc92b1" />
			<flow-ref doc:name="Logger Data Mask" doc:id="44724f31-d7b1-41ad-a613-78b4e02d4e7c" name="logger-data-masking-sub-flow" />
			<logger level="DEBUG" doc:name="Logger" doc:id="e78ee328-71ec-4e7f-9434-4b7174cbb2c2" message="#[payload]" category="com.wu.mule.debug"/>
		</async>
		<ee:transform doc:name="Transform Message" doc:id="0e1949d2-7a57-46e4-80cd-3a6db6fa1fb3" >
			<ee:message >
			</ee:message>
			<ee:variables >
				<ee:set-variable variableName="applicationHeaders" ><![CDATA[%dw 2.0
import p from Mule
output application/json
---
{
	"processName": p('processName'),
	"flowName": p('ucdProfSubFlow'),
}]]></ee:set-variable>
			</ee:variables>
		</ee:transform>
		<validation:is-true doc:name="expressionValidator" doc:id="ae7013ed-ac31-449f-b165-0c460b46f666" expression="#[vars.errorObject == null]">
			<error-mapping sourceType="VALIDATION:INVALID_BOOLEAN" targetType="APP:HTTP_REQUEST_ERROR" />
		</validation:is-true>
		<logger level="DEBUG" doc:name="ucdUpdateResponseLogger" doc:id="e859835a-297a-4f4d-877f-12795d1d98b5" message="#[vars.ucdUpdateResponse]" />
		<set-variable value="#[%dw 2.0&#10;import p from Mule&#10;output application/java&#10;---&#10;write({ &#10;  &quot;EventData&quot;: {&#10;	 &quot;system&quot;: Mule::p('ucd.update.businessData.system'),&#10;	 &quot;source&quot;: Mule::p('ucd.update.businessData.source'),&#10;	 &quot;customerUmn&quot;: vars.incomingBody.customerUmn,&#10;	 &quot;processName&quot;: p('processName'),&#10;	 &quot;flowName&quot;: p('ucdProfSubFlow'),&#10;	 &quot;eventStage&quot; : Mule::p('ucd.update.businessData.eventStage'),&#10;	 &quot;description&quot;: Mule::p('ucd.update.businessData.description')&#10;	}&#10; },&quot;application/json&quot;)]" doc:name="setBusinessEventData" doc:id="670cecaf-4688-4573-a9f6-3af145eb6828" variableName="businessEventData" />
		<flow-ref doc:name="businessEventNotifySubFlow" doc:id="4edce05e-4703-4d4b-837c-3174a6207fc1" name="business-event-notification-subflow" />
		 <async doc:name="Async" doc:id="99bb5f64-04ec-4075-9b89-9b0147cfc152" >
			<flow-ref doc:name="flowReferenceToSfmcCall" doc:id="a76d8d8d-1019-4a31-8a14-ca564cd792d0" name="sfmc-customer-notification-subflow"/>
		</async>
	</sub-flow>
	<sub-flow name="blaze-risk-call-subflow" doc:id="9d564763-bfb4-427e-831e-ae466e81abce" >
		<set-variable value="${blazeCustomerDecision.servicename}" doc:name="setUpstreamServiceName" doc:id="96c2d41d-9b46-459e-9871-b955a09902c4" variableName="upstreamServiceName"/>
		<choice doc:name="scopeRequired" doc:id="12104d3c-4725-4681-b93a-e14cc79c85f9" >
			<when expression="#[(((vars.incomingRequestDetails.incomingBody.source == p('blaze.wudb.source')) and !isEmpty(vars.incomingRequestDetails.incomingBody.sessionId)) or (vars.incomingRequestDetails.incomingBody.source == p('blaze.icare.source')))]">
				<ee:transform doc:name="blazeRequestPayload" doc:id="4af25faf-a8f7-48bb-aa32-2e504d1152c2">
			<ee:message>
				<ee:set-payload><![CDATA[%dw 2.0
output application/json skipNullOn="everywhere"
---
{ 
    "riskMessageEnvelope" : {      
       "data": {
             "universalRequestProperties": {
                "timestamp": (now() as DateTime >> "EST") as String {format: "yyyy-MM-dd'T'HH:mm:ss"},
                "source": vars.incomingRequestDetails.incomingBody.source,
                "transactionId": vars.incomingHeaders.'x-wu-externalrefid',
                "sessionID": vars.incomingRequestDetails.incomingBody.sessionId,    
                "platform": p('blaze.platform'),
                "partnerId": p('blaze.partnerId'),
                "callingEntity": p('blaze.callingEntity')
            },
            "purposeSubtype":{
                "profileChange": p('blaze.profileChange')    
            },
             "messageType": p('blaze.messageType')    ,    
             "sendingCustomer": {
                "customerNumber": vars.incomingRequestDetails.incomingBody.customerUmn,
                 "isEmailChange" : if(!isEmpty(vars.incomingRequestDetails.incomingBody.email)) "Y" else null,
                 "isPhoneChange" : if(!isEmpty(vars.incomingRequestDetails.incomingBody.phoneNumber)) "Y" else null,
                 "emailAddressDecrypted": if(!isEmpty(vars.incomingRequestDetails.incomingBody.email)) vars.incomingRequestDetails.incomingBody.email else null,
                "phone":{
                    "mobile": {
                        "phoneNumberDecrypted" : if(!isEmpty(vars.incomingRequestDetails.incomingBody.phoneNumber))vars.incomingRequestDetails.incomingBody.phoneNumber else null,
                        "phoneCountryCode":if(!isEmpty(vars.incomingRequestDetails.incomingBody.phoneNumber))vars.incomingRequestDetails.incomingBody.phoneNumberCode else null
                    }
                }
                }
                }
                }
                }
         ]]></ee:set-payload>
			</ee:message>
		</ee:transform>
				<flow-ref doc:name="outboundStartLogSubflow" doc:id="25493a71-c6e3-4ccc-905d-98f2b3b273ba" name="outbound-start-log-subflow" />
				<until-successful maxRetries="${maxRetries}" doc:name="Until Successful" doc:id="69df303d-7151-4eae-a615-a9f79ebce94a" millisBetweenRetries="${frequency}">
			<try doc:name="Try" doc:id="606167e4-6f30-4369-b0e6-17f544fe443b">
			<http:request method="${blaze.method}" doc:name="blazeCustomerDecisionCall" doc:id="c76b5758-c1e9-45e6-b3b6-d9ba352a4783" path="${blazeCustomerDecision.path}" config-ref="HTTP_BlazeRequest_configuration" target="blazeCustomerDecisionPayload" responseTimeout="${blaze.response.timeout}">
					<http:headers><![CDATA[#[import p from Mule
output application/java
---
{
	"x-wu-correlationId" : vars.incomingRequestDetails.correlationId,
	"x-wu-externalRefId" : vars.incomingRequestDetails.externalRefId
}]]]></http:headers>
				</http:request>
						<error-handler ref="outbound-global-exception-strategy" />
		</try>
		</until-successful>
				<logger level="DEBUG" doc:name="Log Response Payload" doc:id="5c3d7f07-67ef-4717-8a9e-700be0365628" message="#[vars.blazeCustomerDecisionPayload]" />
				<choice doc:name="customerDecision" doc:id="f598e003-cac0-4dbc-bb2b-848444bd71ac">
			<when expression="#[vars.blazeCustomerDecisionPayload.riskMessageEnvelope.data.riskDecision.disposition == p('blaze.decision.decline')]">
				<raise-error doc:name="Raise error" doc:id="c419dd82-4393-46d4-b6a3-715047dea4ef" description="Customer Decision Decline" type="APP:HTTP_REQUEST_ERROR" />
			</when>
			<otherwise>
				<set-variable value="#[write({&#10;    &quot;EventData&quot;: {&#10;		&quot;system&quot;: p('blaze.BusinessEvent.system'),&#10;		&quot;source&quot;: p('blaze.BusinessEvent.source'),&#10;		&quot;eventStage&quot; : p('blazeCustomerDecision.BusinessEvent.eventStage'),&#10;		&quot;description&quot;: p('blazeCustomerDecision.BusinessEvent.description'),&#10;		&quot;processName&quot;: p('processName'),&#10;        &quot;flowName&quot; : p('blazeCustomerDecision.servicename'),&#10;        &quot;customerUmn&quot;: vars.incomingRequestDetails.incomingBody.customerUmn&#10;    }&#10;&#10;},&quot;application/json&quot;)]" doc:name="setBusinessEvent" doc:id="011a3208-a171-49de-90d9-86006b731f82" variableName="businessEventData" />
				<flow-ref doc:name="Call businessEventNotifySubFlow" doc:id="b5d2fd4d-3e85-4fa3-8896-d832e2e853d6" name="business-event-notification-subflow" />
				<flow-ref doc:name="outboundEndLogSubflow" doc:id="5561f90b-c0d7-4326-a5b8-6c39cd175e31" name="outbound-end-log-subflow" />
			</otherwise>
		</choice>
			</when>
			<otherwise>
				<ee:transform doc:name="errorMessage" doc:id="362527e0-b330-4372-9eab-f750ae89c905">
					<ee:message>
					</ee:message>
					<ee:variables >
						<ee:set-variable variableName="errorObject" ><![CDATA[%dw 2.0
output application/json
---
{
	"errorType": {
		"identifier" : "BAD_REQUEST"
	}
}
]]></ee:set-variable>
					</ee:variables>
				</ee:transform>
				<raise-error doc:name="Raise error" doc:id="0360db10-19ac-44c3-924a-e156e4a49ae2" type="APP:HTTP_REQUEST_ERROR" description="Invalid Request. " />
			</otherwise>
		</choice>
	</sub-flow>
	<sub-flow name="ucd-profile-lookup-subflow" doc:id="e9095be4-be8a-49b2-aec6-fd791bf47e13" >
		<set-variable value='${ucd.lookUp.upstreamName}' doc:name="setUpstreamServiceName" doc:id="e3cb2fa4-7f1d-4c11-8623-62cf17285974" variableName="upstreamServiceName" />
		<ee:transform doc:name="ucdLookUpRequest" doc:id="6b1653db-281d-4257-a7c6-29b37628b47c">
			<ee:message>
				<ee:set-payload resource="dwl/ucdLookuUpRequest.dwl" />
			</ee:message>
		</ee:transform>
		<flow-ref doc:name="outboundStartLogSubflow" doc:id="5c306265-1f37-44b4-b2ed-d19ec35ca862" name="outbound-start-log-subflow" />
		<until-successful maxRetries="${maxRetries}" doc:name="Until Successful" doc:id="ace0f460-cb05-4291-b9c4-cd2199f4cc54" millisBetweenRetries="${frequency}">
			<try doc:name="Try" doc:id="898576b0-d414-4d2f-a962-c7d43ac342aa">
				<http:request method="${ucd.lookup.method}" doc:name="ucdLookupRequest" doc:id="ddc6a323-1717-4d4b-ac19-43d2af7b0cc1" config-ref="HTTP_Request_Ucd_Lookup_Configuration" path="${ucd.lookup.path}" target="ucdLookUpResponse">
					<http:headers><![CDATA[#[import p from Mule
output application/java
---
{
	"x-api-key" : p('ucd.apikey'),
	"Authorization" : vars.jwtTokenEU,
	"Accept" : "application/json",
	"x-wu-correlationId" : vars.correlationId,
	"x-wu-externalRefId" : vars.incomingHeaders."x-wu-externalRefId"
}]]]></http:headers>
				</http:request>
				<error-handler ref="outbound-global-exception-strategy" />
			</try>
		</until-successful>
		<async doc:name="Async" doc:id="e505ab2f-6495-47c9-b38e-e71b387020bf" >
			<set-payload value="#[vars.ucdLookUpResponse]" doc:name="Set Payload" doc:id="6ecb43fd-40f4-4007-8608-2c5836cf08f1" />
			<flow-ref doc:name="Logger Data Mask" doc:id="b4bb63d8-9469-4b51-8d9e-af2a5fba6f08" name="logger-data-masking-sub-flow" />
			<logger level="DEBUG" doc:name="Logger" doc:id="fb21e846-2edc-45ff-a3ea-ad25139998cd" message="#[payload]" category="com.wu.mule.debug"/>
		</async>
		<ee:transform doc:name="Transform Message" doc:id="6910c61d-807a-4a71-97d8-8af08ccbbfb8" >
			<ee:message >
			</ee:message>
			<ee:variables >
				<ee:set-variable variableName="applicationHeaders" ><![CDATA[%dw 2.0
import p from Mule
output application/json
---
{
	"processName": p('processName'),
	"flowName": p('ucdProfLookupSubFlow'),
}]]></ee:set-variable>
			</ee:variables>
		</ee:transform>
		<validation:is-true doc:name="expressionValidator" doc:id="0d7101a6-4c1d-4e8d-8368-6dc7d41d3bf6" expression="#[vars.errorObject == null]">
			<error-mapping sourceType="VALIDATION:INVALID_BOOLEAN" targetType="APP:HTTP_REQUEST_ERROR" />
		</validation:is-true>
		<logger level="INFO" doc:name="ucdLookUpResponseLogger" doc:id="d2c3e66e-d594-4380-9b47-c5892f1babfe" message="#[vars.ucdLookUpResponse]"/>
		<ee:transform doc:name="ucd-update-variables" doc:id="8a6a8b84-d759-4f42-8203-cb9ac8c5d80b">
			<ee:message>
			</ee:message>
			<ee:variables>
				<ee:set-variable variableName="accountTypeId" ><![CDATA[%dw 2.0
output application/json
var accountTypeId=vars.ucdLookUpResponse.customerDetails[0].customerAccountInfo.account.accountTypeId
---
if( accountTypeId contains(Mule::p('default.ucd.accountTypeId')) as Number) Mule::p('default.ucd.accountTypeId') as Number
else 
if(accountTypeId contains (Mule::p('euOneApp.ucd.accountTypeId')) as Number) Mule::p('euOneApp.ucd.accountTypeId') as Number
else 
Mule::p('default.ucd.accountTypeId') as Number]]></ee:set-variable>
			</ee:variables>
		</ee:transform>
		<set-variable value="#[%dw 2.0&#10;import p from Mule&#10;output application/java&#10;---&#10;write({ &#10;  &quot;EventData&quot;: {&#10;	 &quot;system&quot;: Mule::p('ucd.lookUp.businessData.system'),&#10;	 &quot;source&quot;: Mule::p('ucd.lookUp.businessData.source'),&#10;	 &quot;customerUmn&quot;: vars.incomingBody.customerUmn,&#10;	 &quot;processName&quot;: p('processName'),&#10;	 &quot;flowName&quot;: p('ucdProfLookupSubFlow'),&#10;	 &quot;eventStage&quot; : Mule::p('ucd.lookUp.businessData.eventStage'),&#10;	 &quot;description&quot;: Mule::p('ucd.lookUp.businessData.description')&#10;	}&#10; },&quot;application/json&quot;)]" doc:name="setBusinessEventData" doc:id="7fd94a96-e847-421f-8462-7134eeabbb39" variableName="businessEventData" />
		<flow-ref doc:name="businessEventNotifySubFlow" doc:id="d01f6f31-3ed1-448d-8e63-76ae5ca5bb30" name="business-event-notification-subflow" />
	</sub-flow>
	<sub-flow name="rac-profile-lookup-subflow" doc:id="ec5a53af-43df-45c1-b2cc-937a2e9f6d78" >
		<flow-ref doc:name="outboundStartLogSubflow" doc:id="9e0cd860-0553-4e1a-8829-bde7872c0412" name="outbound-start-log-subflow" />
		<set-variable value='${rac.lookUp.upstreamName}' doc:name="setUpstreamServiceName" doc:id="234907c9-4059-4b24-a0cc-88e9b7db7103" variableName="upstreamServiceName"/>
		<ee:transform doc:name="racProfileLookUpRequest" doc:id="796143bc-ca34-4623-8f8c-a6e9e4063d7e">
			<ee:message>
				<ee:set-payload resource="dwl/racProfileLookupRequest.dwl" />
			</ee:message>
		</ee:transform>
		<until-successful maxRetries="${maxRetries}" doc:name="Until Successful" doc:id="9a5b51f5-404d-4db8-9c63-735f6959302b" millisBetweenRetries="${frequency}">
			<try doc:name="Try" doc:id="8e3486d4-e4ae-46be-9672-80952f606813">
				<http:request method="${rac.profile.method}" doc:name="racLookupCall" doc:id="c94f406a-92ee-43f4-9ff8-1857a509861f" config-ref="HTTP_Request_Rac_Profile_Lookup_Configuration" path="${rac.lookup.path}" target="racProfileLookUpResponse" >
					<http:headers ><![CDATA[#[import p from Mule
output application/java
---
{
	"x-wu-externalRefId" : vars.incomingHeaders."x-wu-externalRefId",
	"Authorization" : vars.jwtTokenEU,
	"x-api-key" : p('rac.xapikey'),
	"x-wu-correlationId" : vars.correlationId
}]]]></http:headers>
				</http:request>
			<error-handler ref="outbound-global-exception-strategy" />
			</try>
		</until-successful>
		<async doc:name="Async" doc:id="547240c7-d79e-4e88-9093-2da45016d9b8" >
			<set-payload value="#[vars.racProfileLookUpResponse]" doc:name="Set Payload" doc:id="52429e1c-538f-40a5-a8a6-79ed0e5d26a3" />
			<flow-ref doc:name="Logger Data Mask" doc:id="78feeaa2-958b-4c41-b714-2f96cc1552c1" name="logger-data-masking-sub-flow" />
			<logger level="DEBUG" doc:name="Logger" doc:id="581fd29e-a605-47e0-998f-a39dac3b7d17" message="#[payload]" category="com.wu.mule.debug"/>
		</async>
		<ee:transform doc:name="Transform Message" doc:id="935e83ed-5737-45b3-a980-232e50799164">
				<ee:message>
				</ee:message>
			<ee:variables >
				<ee:set-variable variableName="applicationHeaders" ><![CDATA[%dw 2.0
import p from Mule
output application/json
---
{
	"processName": p('processName'),
	"flowName": p('racProfLookupSubFlow'),
}]]></ee:set-variable>
			</ee:variables>
			</ee:transform>
		<validation:is-true doc:name="expressionValidator" doc:id="2fd00c19-7295-47e0-91ba-06155c8886c8" expression="#[vars.errorObject==null]">
			<error-mapping sourceType="VALIDATION:INVALID_BOOLEAN" targetType="APP:HTTP_REQUEST_ERROR" />
		</validation:is-true>
		<logger level="DEBUG" doc:name="racProfileLookUpResponseLogger" doc:id="08d3d18c-9b51-4063-80c7-5a2982a4b594" message="#[vars.racProfileLookUpResponse]" />
		<set-variable value="#[%dw 2.0&#10;import p from Mule&#10;output application/java&#10;---&#10;&#10;write({ &#10;&#10;  &quot;EventData&quot;: {&#10;&#10;	 &quot;system&quot;: Mule::p('rac.lookUp.businessData.system'),&#10;&#10;	 &quot;source&quot;: Mule::p('rac.lookUp.businessData.source'),&#10;&#10;	 &quot;customerUmn&quot;: vars.incomingBody.customerUmn,&#10;	 &quot;processName&quot;: p('processName'),&#10;	 &quot;flowName&quot;: p('racProfLookupSubFlow'),&#10;&#10;	 &quot;galacticId&quot;: vars.racProfileResponse.galacticId,&#10;&#10;	 &quot;caseType&quot;: vars.racProfileResponse.caseDataList.caseType[0],&#10;&#10;	 &quot;kycStatus&quot;: vars.racProfileResponse.kycStatus,&#10;&#10;	 &quot;eventStage&quot; : Mule::p('rac.lookUp.businessData.eventStage'),&#10;&#10;	 &quot;description&quot;: Mule::p('rac.lookUp.businessData.description')&#10;&#10;    }&#10;&#10; },&quot;application/json&quot;)]" doc:name="setBusinessEventData" doc:id="23897935-db2e-4b52-a4a9-12eb2a0f663f" variableName="businessEventData" />
		<flow-ref doc:name="businessEventNotifySubFlow" doc:id="18567601-54fe-4437-8f3c-74d486f0984c" name="business-event-notification-subflow" />
	</sub-flow>
	<sub-flow name="sfmc-customer-notification-subflow" doc:id="272e16d2-9b78-4e6d-b3bf-571b1c6f3ec1" >
		<set-variable value='#["SFMC Notification Call"]' doc:name="setUpstreamServiceName" doc:id="97d076fa-91c3-42ee-a1ca-48b99c948cd6" variableName="upstreamServiceName"/>
		<ee:transform doc:name="sfmcRequest" doc:id="70c35690-22c4-4eab-bad5-8bef504dd25f" >
			<ee:message >
				<ee:set-payload resource="dwl/sfmcRequest.dwl" />
			</ee:message>
		</ee:transform>
		<flow-ref doc:name="outboundStartLogSubflow" doc:id="8e587f94-bb88-42ba-80e0-7ca66d1d40a0" name="outbound-start-log-subflow" />
		<until-successful doc:name="Until Successful" doc:id="8e67742c-27b7-4f5a-9b98-0d8497302211" maxRetries="${maxRetries}" millisBetweenRetries="${frequency}">
			<try doc:name="Try" doc:id="0cc5d822-1119-4147-b49d-184576838750" >
				<http:request method="${sfmc.method}" doc:name="sfmcRequestCall" doc:id="86d188d0-c477-42f6-bab7-933f1840c809" config-ref="HTTP_Request_SFMC_Configuration" path="${sfmc.path}">
					<http:headers ><![CDATA[#[output application/java
import p from Mule
---
{
	"x-wu-externalRefId": vars.incomingHeaders."x-wu-externalRefId",
	"x-api-key" : p('connector.x-api-key'),
	"Authorization" : vars.jwtTokenEU,
}]]]></http:headers>
				</http:request>
				<error-handler ref="outbound-global-exception-strategy" />
			</try>
		</until-successful>
		<flow-ref doc:name="outboundEndLogSubflow" doc:id="e0991bde-f4a9-4868-aea8-642e5c39daff" name="outbound-end-log-subflow" />
		<ee:transform doc:name="Transform Message" doc:id="40bfa3bb-26de-45d9-aa94-479f7e511b83" >
			<ee:message >
			</ee:message>
			<ee:variables >
				<ee:set-variable variableName="applicationHeaders" ><![CDATA[%dw 2.0
import p from Mule
output application/json
---
{
	"processName": p('processName'),
	"flowName": p('sfmcNotifySubFlow'),
}]]></ee:set-variable>
			</ee:variables>
		</ee:transform>
		<validation:is-true doc:name="expressionValidator" doc:id="0e675295-4dc2-4f4d-9396-e87b02128f5c" expression="#[vars.errorObject==null]">
			<error-mapping sourceType="VALIDATION:INVALID_BOOLEAN" targetType="APP:HTTP_REQUEST_ERROR" />
		</validation:is-true>
		<logger level="DEBUG" doc:name="sfmcResponseLogger" doc:id="b6315c62-96a7-4cb7-a9f9-6041d91936e9" message="#[payload]"/>
		<set-variable value="#[%dw 2.0&#10;import p from Mule&#10;output application/java&#10;---&#10;write({ &#10;  &quot;EventData&quot;: {&#10;	 &quot;system&quot;: Mule::p('sfmc.businessData.system'),&#10;	 &quot;source&quot;: Mule::p('sfmc.businessData.source'),&#10;	 &quot;customerUmn&quot;: vars.incomingBody.customerUmn,&#10;	 &quot;processName&quot;: p('processName'),&#10;	 &quot;flowName&quot;: p('sfmcNotifySubFlow'),&#10;	 &quot;eventStage&quot; : Mule::p('sfmc.businessData.eventStage'),&#10;	 &quot;description&quot;: Mule::p('sfmc.businessData.description')&#10;	}&#10; },&quot;application/json&quot;)]" doc:name="setBusinessEventData" doc:id="d92c18c2-8900-43b6-a3e7-f1be70b0a7ff" variableName="businessEventData"/>
		<flow-ref doc:name="businessEventNotifySubFlow" doc:id="0938107c-aceb-4cf0-a4bd-70beaccca634" name="business-event-notification-subflow"/>
	</sub-flow>
</mule>
