<?xml version="1.0" encoding="UTF-8"?>
<mule xmlns:doc="http://www.mulesoft.org/schema/mule/documentation" xmlns="http://www.mulesoft.org/schema/mule/core" xmlns:apikit="http://www.mulesoft.org/schema/mule/mule-apikit" xmlns:ee="http://www.mulesoft.org/schema/mule/ee/core" xmlns:http="http://www.mulesoft.org/schema/mule/http" xmlns:xsi="http://www.w3.org/2001/XMLSchema-instance" xsi:schemaLocation="http://www.mulesoft.org/schema/mule/core http://www.mulesoft.org/schema/mule/core/current/mule.xsd http://www.mulesoft.org/schema/mule/http http://www.mulesoft.org/schema/mule/http/current/mule-http.xsd http://www.mulesoft.org/schema/mule/mule-apikit http://www.mulesoft.org/schema/mule/mule-apikit/current/mule-apikit.xsd http://www.mulesoft.org/schema/mule/ee/core http://www.mulesoft.org/schema/mule/ee/core/current/mule-ee.xsd ">
    <apikit:config name="cus_profileupdate_v1_svc-config" api="resource::53f56778-e64a-48e0-9940-05504f74b5a9:cus_profileupdate_v1_api:1.0.1:oas:zip:cus_profileupdate_v1_svc.yaml" outboundHeadersMapName="outboundHeaders" httpStatusVarName="httpStatus" />
    <flow name="cus_profileupdate_v1_svc-main">
        <http:listener config-ref="HTTP_Listener_Config" path="${https.path}" doc:name="profileUpdateListener">
            <http:response statusCode="#[vars.httpStatus default 200]">
                <http:headers><![CDATA[#[vars.outboundHeaders default {}]]]></http:headers>
            </http:response>
            <http:error-response statusCode="#[vars.httpStatus default 500]">
                <http:body><![CDATA[#[payload]]]></http:body>
                <http:headers><![CDATA[#[vars.outboundHeaders default {}]]]></http:headers>
            </http:error-response>
        </http:listener>
        <flow-ref doc:name="startLogFlowCall" doc:id="cedf3ef3-1678-4720-b3f5-271dd51d33eb" name="start-log-subflow" />
		<flow-ref doc:name="setTransactionDataFlowCall" doc:id="80e438de-1486-4342-a517-2238ebfaa7cf" name="set-transactions-data-subflow"/>
		<apikit:router config-ref="cus_profileupdate_v1_svc-config" doc:name="aPIkitRouterForProfileUpdate"/>
		<flow-ref doc:name="endLogFlowCall" doc:id="df384339-cbf0-4d37-afa1-11e196d8fa56" name="end-log-subflow"/>
		<error-handler ref="global-exception-strategy" />
    </flow>
    <flow name="get:\v1\cus\healthCheck:cus_profileupdate_v1_svc-config" doc:id="353e32f3-7f17-4c0e-8ad7-a9cdf9b2e918">
        <flow-ref doc:name="resourceStartLog" doc:id="b4868a31-8ce4-4589-978b-cd6fca7b8dda" name="resource-start-log-subflow"/>
		<logger level="INFO" message="get:\v1\cus\healthCheck:cus_profileupdate_v1_svc-2-config" doc:name="configPathDetails"/>
		<ee:transform doc:name="healthCheckResponse" doc:id="5f42f8ca-cfc7-463e-820f-e71df8fd6ac8" >
			<ee:message >
				<ee:set-payload ><![CDATA[%dw 2.0
import p from Mule
output application/json
---
{
  "name": Mule::p('api.apiName'),
  "status": Mule::p('api.status')
}]]></ee:set-payload>
			</ee:message>
		</ee:transform>
		<flow-ref doc:name="resourceEndLog" doc:id="4020691b-4eaa-473d-b704-a85613625681" name="resource-end-log-subflow"/>
    </flow>
    <flow name="post:\v1\cus\updateprofile:application\json:cus_profileupdate_v1_svc-config" doc:id="ea440629-921e-488e-b8e3-7305c02cbc44">
        <flow-ref doc:name="resourceStartLog" doc:id="d69a67c2-b254-47fc-aba1-842ee2bea5bd" name="resource-start-log-subflow"/>
		<logger level="INFO" message="post:\v1\cus\updateprofile:application\json:cus_profileupdate_v1_svc-2-config" doc:name="configPathDetails"/>
		<flow-ref doc:name="profileUpdateFlowCall" doc:id="d5e3f76d-970a-4daa-803f-9e2d13cfbc36" name="cus-profileupdate-impl-subflow"/>
		<flow-ref doc:name="resourceEndLog" doc:id="1a32ef21-341a-4d32-a73b-0b3c4aa43044" name="resource-end-log-subflow"/>
    </flow>
</mule>
