<?xml version="1.0" encoding="UTF-8"?>

<mule xmlns:anypoint-mq="http://www.mulesoft.org/schema/mule/anypoint-mq" xmlns="http://www.mulesoft.org/schema/mule/core"
	xmlns:doc="http://www.mulesoft.org/schema/mule/documentation"
	xmlns:xsi="http://www.w3.org/2001/XMLSchema-instance" xsi:schemaLocation="http://www.mulesoft.org/schema/mule/core http://www.mulesoft.org/schema/mule/core/current/mule.xsd
http://www.mulesoft.org/schema/mule/anypoint-mq http://www.mulesoft.org/schema/mule/anypoint-mq/current/mule-anypoint-mq.xsd">
	<flow name="dlq-marqeta-subscriber-flow" doc:id="be7f3944-c99d-42c8-9954-d8c12a1e2214" >
		<anypoint-mq:subscriber doc:name="dlqListener" doc:id="c1eab046-e4f0-494d-8e24-0dd0ae68ab34" config-ref="Anypoint_MQ_Config" destination="${marqeta.dlq.queue.name}" acknowledgementMode="MANUAL" acknowledgementTimeout="${ack.timeout}">
			<anypoint-mq:subscriber-type >
				<anypoint-mq:polling >
					<scheduling-strategy >
						<fixed-frequency frequency="${dlq.frequency}" timeUnit="MINUTES" />
					</scheduling-strategy>
				</anypoint-mq:polling>
			</anypoint-mq:subscriber-type>
		</anypoint-mq:subscriber>
		<logger level="INFO" doc:name="setLogger" doc:id="e2f375ce-9b82-440e-9b1c-d1b54758cd86" message='#["subscribed from marqeta dlq queue"]' category="com.wu.mule.info"/>
		<flow-ref doc:name="Flow Reference to marqeta-process-subflow" doc:id="289ae13f-a718-49b4-8760-9b44b916d974" name="marqeta-process-subflow"/>
		<error-handler ref="global-exception-strategy" />
		
</flow>
		<flow name="dlq-mambu-subscriber-flow" doc:id="e01a289e-3f98-4db4-a0e3-e17b53bab45d" >
		<anypoint-mq:subscriber doc:name="dlqListener" doc:id="9cdb00c9-7dbd-4775-83ac-a991a2c1912e" config-ref="Anypoint_MQ_Config" destination="${mambu.dlq.queue.name}" acknowledgementMode="MANUAL" acknowledgementTimeout="${ack.timeout}">
			<anypoint-mq:subscriber-type >
				<anypoint-mq:polling >
					<scheduling-strategy >
						<fixed-frequency frequency="${dlq.frequency}" timeUnit="MINUTES" />
					</scheduling-strategy>
				</anypoint-mq:polling>
			</anypoint-mq:subscriber-type>
		</anypoint-mq:subscriber>
		<logger level="INFO" doc:name="setLogger" doc:id="0ca0b0ab-8e76-41a6-ad7c-8d067f16e887" message='#["subscribed from mambu dlq queue"]' category="com.wu.mule.info"/>
		<flow-ref doc:name="Flow Reference to marqeta-process-subflow" doc:id="36d281a0-15c4-482e-b5ad-3115f72428fc" name="mambu-update-subflow"/>
		<error-handler ref="global-exception-strategy" />
		
</flow>
	</mule>
