<?xml version="1.0" encoding="UTF-8"?>

<mule xmlns="http://www.mulesoft.org/schema/mule/core" xmlns:doc="http://www.mulesoft.org/schema/mule/documentation"
	xmlns:xsi="http://www.w3.org/2001/XMLSchema-instance"
	xsi:schemaLocation="http://www.mulesoft.org/schema/mule/core http://www.mulesoft.org/schema/mule/core/current/mule.xsd">
	<flow name="generate_refresh_jwt_token_Flow" doc:id="a7bb2ddd-6089-4647-aa66-25deb0e32691" initialState="started" >
		<scheduler doc:name="triggerFlowExecutionEvery45Mins" doc:id="3f1fd8ad-9c37-461e-9f4a-392df1197b27" >
			<scheduling-strategy >
				<fixed-frequency frequency="${scheduler.frequency}" timeUnit="MINUTES" />
			</scheduling-strategy>
		</scheduler>
		<set-variable value="#[p('jwt.refreshToken') as Boolean]" doc:name="setRefreshTokenToTrue" doc:id="2eebfee7-a11d-431c-aa2f-409737815342" variableName="refreshToken" />
		<set-variable value="${jwt.jwtInstance}" doc:name="setJwtInstance" doc:id="8c67a5bc-2311-4830-b61c-582a96dc84df" variableName="jwtInstance" />
		<flow-ref doc:name="implCacheGetJwtToken" doc:id="11fff21f-96db-4e20-9e94-3d23299b15a7" name="impl-cache-get-jwt-token"/>
		<logger level="INFO" doc:name="logJwtToken" doc:id="e5dcf679-a000-4a51-aa79-328ca363cee8" message="Token ::: #[vars.jwtToken]"/>
		<error-handler ref="global-jwt-exception-strategy" />
		
		
		<!-- <flow-ref doc:name="impl-cache-get-okta-token" doc:id="aad64305-e2c8-45e4-81c6-ea352d70f935" name="impl-cache-get-okta-token" />
	 -->
	
</flow>
</mule>
