<?xml version="1.0" encoding="UTF-8"?>

<mule xmlns:anypoint-mq="http://www.mulesoft.org/schema/mule/anypoint-mq"
	xmlns:tls="http://www.mulesoft.org/schema/mule/tls"
	xmlns:secure-properties="http://www.mulesoft.org/schema/mule/secure-properties"
	xmlns:jms="http://www.mulesoft.org/schema/mule/jms"
	xmlns:api-gateway="http://www.mulesoft.org/schema/mule/api-gateway"
	xmlns:db="http://www.mulesoft.org/schema/mule/db" xmlns:apikit="http://www.mulesoft.org/schema/mule/mule-apikit"
	xmlns:http="http://www.mulesoft.org/schema/mule/http"
	xmlns="http://www.mulesoft.org/schema/mule/core" xmlns:doc="http://www.mulesoft.org/schema/mule/documentation" xmlns:xsi="http://www.w3.org/2001/XMLSchema-instance" xsi:schemaLocation="
http://www.mulesoft.org/schema/mule/tls http://www.mulesoft.org/schema/mule/tls/current/mule-tls.xsd 
http://www.mulesoft.org/schema/mule/jms http://www.mulesoft.org/schema/mule/jms/current/mule-jms.xsd 
http://www.mulesoft.org/schema/mule/db http://www.mulesoft.org/schema/mule/db/current/mule-db.xsd 
http://www.mulesoft.org/schema/mule/mule-apikit http://www.mulesoft.org/schema/mule/mule-apikit/current/mule-apikit.xsd 
http://www.mulesoft.org/schema/mule/http http://www.mulesoft.org/schema/mule/http/current/mule-http.xsd http://www.mulesoft.org/schema/mule/core http://www.mulesoft.org/schema/mule/core/current/mule.xsd
http://www.mulesoft.org/schema/mule/api-gateway http://www.mulesoft.org/schema/mule/api-gateway/current/mule-api-gateway.xsd
http://www.mulesoft.org/schema/mule/secure-properties http://www.mulesoft.org/schema/mule/secure-properties/current/mule-secure-properties.xsd
http://www.mulesoft.org/schema/mule/anypoint-mq http://www.mulesoft.org/schema/mule/anypoint-mq/current/mule-anypoint-mq.xsd">
	
	<import doc:name="Import" doc:id="622df772-6bad-409e-89a4-039cd4b9df3f" file="impl-cache-get-jwt-token.xml" />
    
    <!-- <http:listener-config name="HTTP_Listener_config" doc:name="HTTP Listener config" doc:id="fd38d97d-34eb-4feb-ac1f-e3d1cb4383e2" >
		<http:listener-connection protocol="HTTPS" host="${https.host}" port="${https.private.port}" >
			<tls:context >
				<tls:key-store type="${keystore.type}" path="${keystore.path}" keyPassword="${keystore.password}" password="${keystore.password}" />
			</tls:context>
		</http:listener-connection>
	</http:listener-config> -->
	
	<!-- This HTTP listener global element is for testing only -->
	<http:listener-config name="HTTP_Listener_Config">
        <http:listener-connection host="${https.host}" port="${https.private.port}" protocol="${https.protocol}">
			<tls:context >
				<tls:key-store type="${keystore.type}" path="${keystore.path}" keyPassword="${keystore.password}" password="${keystore.password}"/>
			</tls:context>
		</http:listener-connection>
    </http:listener-config>
    
    <!-- This HTTP request global element is for testing only -->
	<http:request-config name="HTTP_Request_Ucd_Update_Configuration" doc:name="HTTP Request configuration" doc:id="6eb4a912-b77f-4252-84e5-de9b63686c96" >
		<http:request-connection host="${ucd.host}" protocol="HTTPS" port="${https.req.port}"/>
	</http:request-config>
	<http:request-config name="HTTP_BlazeRequest_configuration" doc:name="HTTP Request configuration" doc:id="62e761b9-4f8b-4ab8-9015-f932404a58e6" >
		<http:request-connection host="${blaze.host}" protocol="HTTPS" port="${blaze.port}"/>
	</http:request-config>
	<http:request-config name="WUEventsHTTPRequestConfig" doc:name="HTTP Request configuration" doc:id="8992c8d4-9f11-45e5-a99b-ce0c46894437" >
		<http:request-connection protocol="HTTPS" host="${wu_events.host}" port="${wu_events.port}" />
	</http:request-config>
	<http:request-config name="MarqetaRequest" doc:name="HTTP Request configuration" doc:id="845d51a5-1f85-4b1b-aa43-26356758a843" >
	<http:request-connection host="${marqeta.host}" protocol="HTTPS"/>
	</http:request-config>
		<http:request-config name="MambuUserToken_Request" doc:name="HTTP Request configuration" doc:id="4e45b7ac-8fb2-4f46-9027-eeedb2d67d44" >
	<http:request-connection protocol="HTTPS" host="${mambusvc.host}" />
		</http:request-config>
	<http:request-config name="HTTP_Request_configuration1_mambuUpdate" doc:name="HTTP Request configuration" doc:id="8c03ee35-f2dd-442c-935b-0fb7e2ed00bb" >
	<http:request-connection host="${mambusvc.host}" protocol="HTTPS"/>
	</http:request-config>

	
	<!-- This Configuration property and global properties is for testing only -->
	   <!-- <configuration-properties doc:name="Configuration properties" doc:id="bb0cf412-1137-48a4-be43-bc5c66287ca7" file="test.properties" /> --> 
	 <!-- <configuration-properties doc:name="Configuration properties" doc:id="3c4cd675-c498-4f96-bb5f-af4e59359370" file="secure-qa.yaml" /> -->
	 <!-- <global-property doc:name="Global Property" doc:id="3681af80-cfd0-4f0a-8a50-a40ae37529fe" name="mule.env" value="qa" /> -->
	<!-- <global-property doc:name="Global Property" doc:id="f998ce1d-231c-48ea-9d5c-e302e90a1284" name="env" value="qa" /> -->
	<http:request-config name="HTTP_Request_Ucd_Lookup_Configuration" doc:name="HTTP Request configuration" doc:id="fbfcac17-aec6-4c75-99c6-1b2afb3f09e2" >
		<http:request-connection protocol="HTTPS" host="${ucd.host}" port="${https.req.port}"/>
	</http:request-config>
	<http:request-config name="HTTP_Request_Rac_Profile_Configuration" doc:name="HTTP Request configuration" doc:id="6b6b015c-0d56-4c6d-8073-9980c8a1bb02" >
		<http:request-connection protocol="HTTPS" host="${rac.host}" port="${rac.port}" />
	</http:request-config>
	<http:request-config name="HTTP_Request_Rac_Profile_Lookup_Configuration" doc:name="HTTP Request configuration" doc:id="95a11f6f-9d52-4abf-a6e1-89c692d52c62" >
		<http:request-connection protocol="HTTPS" host="${rac.host}" port="${rac.port}" />
	</http:request-config>
	<http:request-config name="HTTP_Request_SFMC_Configuration" doc:name="HTTP Request configuration" doc:id="b09cd90e-26c5-4313-b6b0-6e083b36b4c2" >
		<http:request-connection protocol="HTTPS" host="${sfmc.host}" port="${sfmc.port}" />
	</http:request-config>
	  <api-gateway:autodiscovery apiId="${app.id}" ignoreBasePath="true" doc:name="API Autodiscovery" doc:id="641bfb17-8a51-409c-a8c8-f5a9904d6dd4" flowRef="cus_profileupdate_v1_svc-main" />  
	<anypoint-mq:config name="Anypoint_MQ_Config" doc:name="Anypoint MQ Config" doc:id="3d61bff7-41ff-41aa-b8ff-283e1b83f7cc" >
		<anypoint-mq:connection url="${amq.exchange.url}" clientId="${amq.exchange.clientId}" clientSecret="${amq.exchange.clientSecret}" />
	</anypoint-mq:config>
	<import doc:name="Import" doc:id="2e1b1c31-5740-40cd-a349-b241f552f6d0" file="mule-log-data-masker.xml" />


</mule>
