<?xml version="1.0" encoding="UTF-8"?>

<mule xmlns:http="http://www.mulesoft.org/schema/mule/http" xmlns:ee="http://www.mulesoft.org/schema/mule/ee/core"
	xmlns="http://www.mulesoft.org/schema/mule/core"
	xmlns:doc="http://www.mulesoft.org/schema/mule/documentation" xmlns:xsi="http://www.w3.org/2001/XMLSchema-instance" xsi:schemaLocation="http://www.mulesoft.org/schema/mule/core http://www.mulesoft.org/schema/mule/core/current/mule.xsd
http://www.mulesoft.org/schema/mule/ee/core http://www.mulesoft.org/schema/mule/ee/core/current/mule-ee.xsd
http://www.mulesoft.org/schema/mule/http http://www.mulesoft.org/schema/mule/http/current/mule-http.xsd">

	<error-handler name="global-exception-strategy" doc:id="757bb064-c658-44f5-a5a8-bdb57088118c" >
		<on-error-propagate enableNotifications="true" logException="true" doc:name="On Error Propagate" doc:id="fc00c641-c8ef-4c7a-b998-aee4c147fbb8" type="APIKIT:BAD_REQUEST ">
			<ee:transform doc:name="setErrorDetails" doc:id="52928ed1-91c7-459c-9b73-dcba398f3dde" >
				<ee:message >
				</ee:message>
				<ee:variables >
					<ee:set-variable variableName="httpStatus" ><![CDATA[%dw 2.0
import p from Mule
output application/java
---
Mule::p('api.badRequest.httpStatus') as Number]]>
					</ee:set-variable>
					<ee:set-variable variableName="errorDetails" ><![CDATA[%dw 2.0
import p from Mule
output application/json
---
{
	errorCode: Mule::p('error.code01'),
	priority: Mule::p('kafka_headers.error_priority_p5'),
	errorName: Mule::p('api.badRequest.errorName'),
	errorMessage: Mule::p('api.badRequest.errorName')
}]]>
					</ee:set-variable>
				</ee:variables>
			</ee:transform>
			<flow-ref doc:name="commonErrorLogicSubflow" doc:id="3787d7df-b484-43cf-add8-c488628925e5" name="common-error-logic-subflow"/>
		</on-error-propagate>
		<on-error-propagate enableNotifications="true" logException="true" doc:name="On Error Propagate" doc:id="ad230405-5069-43da-8ebc-72bd4a5c530f" type="APIKIT:NOT_FOUND ">
			<ee:transform doc:name="setErrorDetails" doc:id="5950bb4d-a553-4b09-9a33-136470b13ebf" >
				<ee:message >
				</ee:message>
				<ee:variables >
					<ee:set-variable variableName="httpStatus" ><![CDATA[%dw 2.0
import p from Mule
output application/java
---
Mule::p('api.notFound.httpStatus') as Number]]>
					</ee:set-variable>
					<ee:set-variable variableName="errorDetails" ><![CDATA[%dw 2.0
import p from Mule
output application/json
---
{
	errorCode: Mule::p('error.code02'),
	priority: Mule::p('kafka_headers.error_priority_p5'),
	errorName: Mule::p('api.notFound.errorName'),
	errorMessage: Mule::p('api.notFound.errorName')
}]]>
					</ee:set-variable>
				</ee:variables>
			</ee:transform>
			<flow-ref doc:name="commonErrorLogicSubflow" doc:id="7e4bd8ab-2ca2-4db6-ba35-f7595034120a" name="common-error-logic-subflow"/>
		</on-error-propagate>
		<on-error-propagate enableNotifications="true" logException="true" doc:name="On Error Propagate" doc:id="2ae6752c-6857-4a7e-9a70-3051d1f18ef9" type="APIKIT:METHOD_NOT_ALLOWED">
			<ee:transform doc:name="setErrorDetails" doc:id="7cd5803e-43f8-4c7f-9134-3aa921702ff8" >
				<ee:message >
				</ee:message>
				<ee:variables >
					<ee:set-variable variableName="httpStatus" ><![CDATA[%dw 2.0
import p from Mule
output application/java
---
Mule::p('api.notAllowed.httpStatus') as Number]]>
					</ee:set-variable>
					<ee:set-variable variableName="errorDetails" ><![CDATA[%dw 2.0
import p from Mule
output application/json
---
{
	errorCode: Mule::p('error.code03'),
	priority: Mule::p('kafka_headers.error_priority_p5'),
	errorName: Mule::p('api.notAllowed.errorName'),
	errorMessage: Mule::p('api.notAllowed.errorName')
}]]>
					</ee:set-variable>			
				</ee:variables>
			</ee:transform>
			<flow-ref doc:name="commonErrorLogicSubflow" doc:id="9191859a-018a-4ed3-a50c-7c591dbc48d9" name="common-error-logic-subflow"/>
		</on-error-propagate>
		<on-error-propagate enableNotifications="true" logException="true" doc:name="On Error Propagate" doc:id="93ecf306-0ff1-4deb-b56d-4f34093658a2" type="APIKIT:NOT_ACCEPTABLE">
			<ee:transform doc:name="setErrorDetails" doc:id="6235c96f-8461-4301-8584-d89ae32f33ef" >
				<ee:message >
				</ee:message>
				<ee:variables >
					<ee:set-variable variableName="httpStatus" ><![CDATA[%dw 2.0
import p from Mule
output application/java
---
Mule::p('api.notAcceptable.httpStatus') as Number]]>
					</ee:set-variable>
					<ee:set-variable variableName="errorDetails" ><![CDATA[%dw 2.0
import p from Mule
output application/json
---
{
	errorCode: Mule::p('error.code04'),
	priority: Mule::p('kafka_headers.error_priority_p5'),
	errorName: Mule::p('api.notAcceptable.errorName'),
	errorMessage: Mule::p('api.notAcceptable.errorName')
}]]>
					</ee:set-variable>
				</ee:variables>
			</ee:transform>
			<flow-ref doc:name="commonErrorLogicSubflow" doc:id="bea09c56-fbac-4b1e-81bd-ef895f2b4f36" name="common-error-logic-subflow"/>
		</on-error-propagate>
		<on-error-propagate enableNotifications="true" logException="true" doc:name="On Error Propagate" doc:id="9673048a-5591-44f4-bd7e-d84fe71efcf6" type="APIKIT:UNSUPPORTED_MEDIA_TYPE">
			<ee:transform doc:name="setErrorDetails" doc:id="86992565-4999-4f42-a5c1-e43ae4c97373" >
				<ee:message >
				</ee:message>
				<ee:variables >
					<ee:set-variable variableName="httpStatus" ><![CDATA[%dw 2.0
import p from Mule
output application/java
---
Mule::p('api.notSupported.httpStatus') as Number]]>
					</ee:set-variable>
					<ee:set-variable variableName="errorDetails" ><![CDATA[%dw 2.0
import p from Mule
output application/json
---
{
	errorCode: Mule::p('error.code05'),
	priority: Mule::p('kafka_headers.error_priority_p5'),
	errorName: Mule::p('api.notSupported.errorName'),
	errorMessage: Mule::p('api.notSupported.errorName')
}]]>
					</ee:set-variable>
				</ee:variables>
			</ee:transform>
			<flow-ref doc:name="commonErrorLogicSubflow" doc:id="68874b95-f33d-4bed-8753-e28802dff119" name="common-error-logic-subflow"/>
		</on-error-propagate>
		<on-error-propagate enableNotifications="true" logException="true" doc:name="On Error Propagate" doc:id="d0a6e292-9dd0-41da-9301-a60f14702f31" type="MULE:RETRY_EXHAUSTED">
			<ee:transform doc:name="setErrorDetails" doc:id="0a0e62e9-8e6d-4e80-9a82-43eb7e9b6e82" >
				<ee:message >
				</ee:message>
				<ee:variables >
					<ee:set-variable variableName="httpStatus" ><![CDATA[%dw 2.0
output application/java
---
Mule::p('api.retryExhausted.httpStatus') as Number]]>
					</ee:set-variable>
					<ee:set-variable variableName="errorDetails" ><![CDATA[%dw 2.0
import p from Mule
var errorMessage= Mule::p('api.retryExhausted.errorMessage')
output application/json
---
{
	errorCode: Mule::p('error.code06'),
	priority: Mule::p('kafka_headers.error_priority_p1'),
	errorName: Mule::p('api.retryExhausted.errorName'),
	errorMessage: if(vars.upstreamServiceName?) (vars.upstreamServiceName ++ " " ++ errorMessage) else (p('api.service') ++ " " ++ errorMessage)
}]]>
					</ee:set-variable>
				</ee:variables>
			</ee:transform>
			<flow-ref doc:name="commonErrorLogicSubflow" doc:id="8edfc710-5318-4ece-a477-d633eec90d89" name="common-error-logic-subflow"/>
		</on-error-propagate>
		<on-error-propagate enableNotifications="true" logException="true" doc:name="On Error Propagate" doc:id="c7ec87e6-a37e-40f9-a3e6-40686a933c8c" type="MULE:EXPRESSION">
			<ee:transform doc:name="setErrorDetails" doc:id="538391dc-2711-44aa-b3d1-f36477047d44" >
				<ee:message >
				</ee:message>
				<ee:variables >
					<ee:set-variable variableName="errorDetails" ><![CDATA[%dw 2.0
output application/json
---
{
	errorCode: Mule::p('error.code07'),
	priority: Mule::p('kafka_headers.error_priority_p5'),
	errorName: Mule::p('api.muleExpression.errorName'),
	errorMessage: Mule::p('api.muleExpression.errorName')
}]]>
					</ee:set-variable>
					<ee:set-variable variableName="httpStatus" ><![CDATA[%dw 2.0
output application/java
---
Mule::p('api.muleExpression.httpStatus') as Number]]>
					</ee:set-variable>
				</ee:variables>
			</ee:transform>
			<flow-ref doc:name="commonErrorLogicSubflow" doc:id="a10dfb73-e7ca-4bcf-9580-6f2ead8a3ae6" name="common-error-logic-subflow"/>
		</on-error-propagate>
		<on-error-propagate enableNotifications="true" logException="true" doc:name="On Error Propagate" doc:id="2153b8b9-27fd-48c0-8ba8-15eedd28241f" type="APP:HTTP_REQUEST_ERROR">
			<choice doc:name="check-http-request-error-type" doc:id="0d3b6a35-4ee1-4fb8-9e61-f22ac5bd37d9" >
				<when expression='#[vars.errorObject.errorType.identifier == "BAD_REQUEST"]'>
					<ee:transform doc:name="setErrorDetails" doc:id="ee14717e-a370-4855-a95c-d0d30ce91634">
						<ee:message>
						</ee:message>
						<ee:variables>
							<ee:set-variable variableName="errorDetails"><![CDATA[%dw 2.0
import p from Mule
var errorMessage=Mule::p('api.httpRequest.badRequest.errorMessage')
output application/json
---
{
	errorCode: Mule::p('error.code08'),
	priority: Mule::p('kafka_headers.error_priority_p5'),
	errorName: if(vars.upstreamServiceName?) (vars.upstreamServiceName ++ " " ++ errorMessage) else (p('api.service') ++ errorMessage),
	errorMessage: if(vars.upstreamServiceName?) (vars.upstreamServiceName ++ " " ++ errorMessage) else (p('api.service') ++ errorMessage)
}]]>
							</ee:set-variable>
							<ee:set-variable variableName="httpStatus"><![CDATA[%dw 2.0
import p from Mule
output application/java
---
Mule::p('api.badRequest.httpStatus') as Number]]>
							</ee:set-variable>
						</ee:variables>
					</ee:transform>
					<flow-ref doc:name="commonErrorLogicSubflow" doc:id="7b80d3b1-c51b-4c78-96a5-32dab84c314f" name="common-error-logic-subflow" />
				</when>
				<when expression='#[vars.errorObject.errorType.identifier == "NOT_FOUND"]'>
					<ee:transform doc:name="setErrorDetails" doc:id="916614fa-efeb-4811-9168-00c64734b99e">
						<ee:message>
						</ee:message>
						<ee:variables>
							<ee:set-variable variableName="errorDetails"><![CDATA[%dw 2.0
import p from Mule
var errorMessage=Mule::p('api.httpRequest.notFound.errorMessage')
output application/json
---
{
	errorCode: Mule::p('error.code09'),
	priority: Mule::p('kafka_headers.error_priority_p5'),
	errorName: if(vars.upstreamServiceName?) (vars.upstreamServiceName ++ " " ++ errorMessage) else (p('api.service') ++ errorMessage),
	errorMessage: if(vars.upstreamServiceName?) (vars.upstreamServiceName ++ " " ++ errorMessage) else (p('api.service') ++ errorMessage)
}]]>
							</ee:set-variable>
							<ee:set-variable variableName="httpStatus"><![CDATA[%dw 2.0
import p from Mule
output application/java
---
Mule::p('api.notFound.httpStatus') as Number]]>
							</ee:set-variable>
						</ee:variables>
					</ee:transform>
					<flow-ref doc:name="commonErrorLogicSubflow" doc:id="a073455d-fae9-44c0-ae01-685a09d0cb08" name="common-error-logic-subflow" />
				</when>
				<when expression='#[vars.errorObject.errorType.identifier == "METHOD_NOT_ALLOWED"]'>
					<ee:transform doc:name="setErrorDetails" doc:id="8d1faaa0-0e69-4a28-a4af-0bd56166de75">
						<ee:message>
						</ee:message>
						<ee:variables>
							<ee:set-variable variableName="errorDetails"><![CDATA[%dw 2.0
import p from Mule
var errorMessage=Mule::p('api.httpRequest.notAllowed.errorMessage')
output application/json
---
{
	errorCode: Mule::p('error.code10'),
	priority: Mule::p('kafka_headers.error_priority_p5'),
	errorName: if(vars.upstreamServiceName?) (vars.upstreamServiceName ++ " " ++ errorMessage) else (p('api.service') ++ errorMessage),
	errorMessage: if(vars.upstreamServiceName?) (vars.upstreamServiceName ++ " " ++ errorMessage) else (p('api.service') ++ errorMessage)
}]]>
							</ee:set-variable>
							<ee:set-variable variableName="httpStatus"><![CDATA[%dw 2.0
import p from Mule
output application/java
---
Mule::p('api.notAllowed.httpStatus') as Number]]>
							</ee:set-variable>
						</ee:variables>
					</ee:transform>
					<flow-ref doc:name="commonErrorLogicSubflow" doc:id="72426c17-616c-44b4-98a0-ed1a783589f1" name="common-error-logic-subflow" />
				</when>
				<when expression='#[vars.errorObject.errorType.identifier == "NOT_ACCEPTABLE"]'>
					<ee:transform doc:name="setErrorDetails" doc:id="2323d1d3-207d-482c-bf77-ed33167aeaad">
						<ee:message>
						</ee:message>
						<ee:variables>
							<ee:set-variable variableName="errorDetails"><![CDATA[%dw 2.0
import p from Mule
var errorMessage=Mule::p('api.httpRequest.notAcceptable.errorMessage')
output application/json
---
{
	errorCode: Mule::p('error.code11'),
	priority: Mule::p('kafka_headers.error_priority_p5'),
	errorName: if(vars.upstreamServiceName?) (vars.upstreamServiceName ++ " " ++ errorMessage) else (p('api.service') ++ errorMessage),
	errorMessage: if(vars.upstreamServiceName?) (vars.upstreamServiceName ++ " " ++ errorMessage) else (p('api.service') ++ errorMessage)
}]]>
							</ee:set-variable>
							<ee:set-variable variableName="httpStatus"><![CDATA[%dw 2.0
import p from Mule
output application/java
---
Mule::p('api.notAcceptable.httpStatus') as Number]]>
							</ee:set-variable>
						</ee:variables>
					</ee:transform>
					<flow-ref doc:name="commonErrorLogicSubflow" doc:id="20abd0a0-42be-46e6-a733-6797be3ae5c4" name="common-error-logic-subflow" />
				</when>
				<when expression='#[vars.errorObject.errorType.identifier == "UNSUPPORTED_MEDIA_TYPE"]'>
					<ee:transform doc:name="setErrorDetails" doc:id="191f3eb4-7bfe-4b57-a4fc-9e53ec97be83">
						<ee:message>
						</ee:message>
						<ee:variables>
							<ee:set-variable variableName="errorDetails"><![CDATA[%dw 2.0
import p from Mule
var errorMessage=Mule::p('api.httpRequest.notSupported.errorMessage')
output application/json
---
{
	errorCode: Mule::p('error.code12'),
	priority: Mule::p('kafka_headers.error_priority_p5'),
	errorName: if(vars.upstreamServiceName?) (vars.upstreamServiceName ++ " " ++ errorMessage) else (p('api.service') ++ errorMessage),
	errorMessage: if(vars.upstreamServiceName?) (vars.upstreamServiceName ++ " " ++ errorMessage) else (p('api.service') ++ errorMessage)
}]]>
							</ee:set-variable>
							<ee:set-variable variableName="httpStatus"><![CDATA[%dw 2.0
output application/java
---
Mule::p('api.notSupported.httpStatus') as Number]]>
							</ee:set-variable>
						</ee:variables>
					</ee:transform>
					<flow-ref doc:name="commonErrorLogicSubflow" doc:id="15b05c1d-c9e1-49e4-adb4-2af3032c9624" name="common-error-logic-subflow" />
				</when>
				<when expression='#[vars.errorObject.errorType.identifier == "INTERNAL_SERVER_ERROR"]'>
					<ee:transform doc:name="setErrorDetails" doc:id="7eb4e5c1-20e9-40ea-9dcb-5b5a46c00076">
						<ee:message>
						</ee:message>
						<ee:variables>
							<ee:set-variable variableName="errorDetails"><![CDATA[%dw 2.0
import p from Mule
var errorMessage=Mule::p('api.httpRequest.serverError.errorMessage')
output application/json
---
{
	errorCode: Mule::p('error.code13'),
	priority: Mule::p('kafka_headers.error_priority_p5'),
	errorName: if(vars.upstreamServiceName?) (vars.upstreamServiceName ++ " " ++ errorMessage) else (p('api.service') ++ errorMessage),
	errorMessage: if(vars.upstreamServiceName?) (vars.upstreamServiceName ++ " " ++ errorMessage) else (p('api.service') ++ errorMessage)
}]]>
							</ee:set-variable>
							<ee:set-variable variableName="httpStatus"><![CDATA[%dw 2.0
import p from Mule
output application/java
---
Mule::p('api.muleExpression.httpStatus') as Number]]>
							</ee:set-variable>
						</ee:variables>
					</ee:transform>
					<flow-ref doc:name="commonErrorLogicSubflow" doc:id="21baf5f4-3191-4f86-b54e-6bfc0119bdb1" name="common-error-logic-subflow" />
				</when>
				<when expression='#[vars.errorObject.errorType.identifier == "UNAUTHORIZED" or vars.errorObject.errorType.identifier == "CLIENT_SECURITY" or vars.errorObject.errorType.identifier == "SECURITY"]'>
					<ee:transform doc:name="setErrorDetails" doc:id="485e7f61-5113-4b31-a51b-58119351acda">
						<ee:message>
						</ee:message>
						<ee:variables>
							<ee:set-variable variableName="errorDetails"><![CDATA[%dw 2.0
import p from Mule
var errorMessage=Mule::p('api.httpRequest.unAuthorized.errorMessage')
output application/json
---
{
	errorCode: Mule::p('error.code14'),
	priority: Mule::p('kafka_headers.error_priority_p5'),
	errorName: if(vars.upstreamServiceName?) (vars.upstreamServiceName ++ " " ++ errorMessage) else (p('api.service') ++ errorMessage),
	errorMessage: if(vars.upstreamServiceName?) (vars.upstreamServiceName ++ " " ++ errorMessage) else (p('api.service') ++ errorMessage)
}]]>
							</ee:set-variable>
							<ee:set-variable variableName="httpStatus"><![CDATA[%dw 2.0
import p from Mule
output application/java
---
Mule::p('api.unAuthorized.httpStatus') as Number]]>
							</ee:set-variable>
						</ee:variables>
					</ee:transform>
					<flow-ref doc:name="commonErrorLogicSubflow" doc:id="b75b5ec1-f44e-40a3-ab89-15cb9beb8a2f" name="common-error-logic-subflow" />
				</when>
				<when expression='#[vars.errorObject.errorType.identifier == "FORBIDDEN"]'>
					<ee:transform doc:name="setErrorDetails" doc:id="c26fd1a2-4862-4af1-93f9-6947ba17fb74">
						<ee:message>
						</ee:message>
						<ee:variables>
							<ee:set-variable variableName="errorDetails"><![CDATA[%dw 2.0
import p from Mule
var errorMessage1=p('api.httpRequest.forbidden.errorMessage1') ++ " " ++ vars.upstreamServiceName default ""  ++ p('api.httpRequest.forbidden.errorMessage2')
var errorMessage2=Mule::p('api.httpRequest.forbidden.errorMessage')
output application/json
---
{
	errorCode: Mule::p('error.code15'),
	priority: Mule::p('kafka_headers.error_priority_p5'),
	errorName: if(vars.upstreamServiceName?) errorMessage1 else errorMessage2,
	errorMessage: if(vars.upstreamServiceName?) errorMessage1 else errorMessage2
}]]>
							</ee:set-variable>
							<ee:set-variable variableName="httpStatus"><![CDATA[%dw 2.0
import p from Mule
output application/java
---
Mule::p('api.forbidden.httpStatus') as Number]]>
							</ee:set-variable>
						</ee:variables>
					</ee:transform>
					<flow-ref doc:name="commonErrorLogicSubflow" doc:id="98d9ff6d-5d22-4aa4-b70e-68aa84508df4" name="common-error-logic-subflow" />
				</when>
				<when expression='#[vars.errorObject.errorType.identifier == "BAD_GATEWAY"]'>
					<ee:transform doc:name="setErrorDetails" doc:id="0898e013-bd0a-492a-ba70-deb24448114f">
						<ee:message>
						</ee:message>
						<ee:variables>
							<ee:set-variable variableName="errorDetails"><![CDATA[%dw 2.0
import p from Mule
output application/json
var errorMessage1=p('api.httpRequest.badGateway.errorMessage1') ++ " " ++ vars.upstreamServiceName default "" ++ p('api.httpRequest.badGateway.errorMessage2')
var errorMessage2=Mule::p('api.httpRequest.badGateway.errorMessage')
---
{
	errorCode: Mule::p('error.code16'),
	priority: Mule::p('kafka_headers.error_priority_p5'),
	errorName: if(vars.upstreamServiceName?) errorMessage1 else errorMessage2,
	errorMessage: if(vars.upstreamServiceName?) errorMessage1 else errorMessage2
}]]>
							</ee:set-variable>
							<ee:set-variable variableName="httpStatus"><![CDATA[%dw 2.0
import p from Mule
output application/java
---
Mule::p('api.badGateway.httpStatus') as Number]]>
							</ee:set-variable>
						</ee:variables>
					</ee:transform>
					<flow-ref doc:name="commonErrorLogicSubflow" doc:id="0503710e-17f0-403e-acb4-8ea14e3acfdd" name="common-error-logic-subflow" />
				</when>
				<otherwise >
					<ee:transform doc:name="setErrorDetails" doc:id="8cf1a57b-ea77-4293-832f-33968d5ab9ec" >
						<ee:message >
						</ee:message>
						<ee:variables >
							<ee:set-variable variableName="errorDetails" ><![CDATA[%dw 2.0
import p from Mule
var errorMessage=Mule::p('api.httpRequest.serverError.errorMessage')
output application/json
---
{
	errorCode: Mule::p('error.code17'),
	priority: Mule::p('kafka_headers.error_priority_p5'),
	errorName: if(vars.upstreamServiceName?) (vars.upstreamServiceName ++ " " ++ errorMessage) else (p('api.service') ++ errorMessage),
	errorMessage: if(vars.upstreamServiceName?) (vars.upstreamServiceName ++ " " ++ errorMessage) else (p('api.service') ++ errorMessage)
}]]>
							</ee:set-variable>
							<ee:set-variable variableName="httpStatus" ><![CDATA[%dw 2.0
import p from Mule
output application/java
---
Mule::p('api.muleExpression.httpStatus') as Number]]>
							</ee:set-variable>
						</ee:variables>
					</ee:transform>
					<flow-ref doc:name="commonErrorLogicSubflow" doc:id="29d09744-d914-4719-81a0-9ca2c99c31a2" name="common-error-logic-subflow"/>
				</otherwise>
			</choice>
		</on-error-propagate>
		<on-error-propagate enableNotifications="true" logException="true" doc:name="On Error Propagate" doc:id="47d711ff-0808-4ee6-b6ec-2fbc161dff0a" >
			<ee:transform doc:name="setErrorDetails" doc:id="e9be0d4b-e845-4054-a1cb-74304d08bf23" >
				<ee:message >
				</ee:message>
				<ee:variables >
					<ee:set-variable variableName="httpStatus" ><![CDATA[%dw 2.0
output application/java
---
Mule::p('api.muleExpression.httpStatus') as Number]]>
					</ee:set-variable>
					<ee:set-variable variableName="errorDetails" ><![CDATA[%dw 2.0
import p from Mule
output application/json
---
{
	errorCode: Mule::p('error.code18'),
	priority: Mule::p('kafka_headers.error_priority_p5'),
	errorName: Mule::p('api.errorPropogate.errorMessage'),
	errorMessage:  Mule::p('api.errorPropogate.errorMessage')
}]]>
					</ee:set-variable>
				</ee:variables>
			</ee:transform>
			<flow-ref doc:name="commonErrorLogicSubflow" doc:id="0de14af0-8c06-40c1-a530-4b117b34a57b" name="common-error-logic-subflow"/>
		</on-error-propagate>
	</error-handler>
	
	<error-handler name="outbound-global-exception-strategy" doc:id="40fe01a8-b054-43f7-a7bb-d4388dc4ed2d" >
		<on-error-continue enableNotifications="true" logException="true" doc:name="On Error Continue" doc:id="96ce86c1-840f-4022-9fbb-4d6aa9c31aa5" when='#[(error.errorType.identifier != "CONNECTIVITY") and (error.errorType.identifier != "SERVICE_UNAVAILABLE") and (error.errorType.identifier != "TIMEOUT")  and (error.errorType.identifier != "GATEWAY_TIMEOUT") and (error.errorType.identifier != "BAD_GATEWAY")]'>
			<ee:transform doc:name="setErrorDetails" doc:id="f2ae649c-16f7-4a93-bef1-0e8ce7c59cfb">
				<ee:message>
				</ee:message>
				<ee:variables>
					<ee:set-variable variableName="errorObject"><![CDATA[%dw 2.0

output application/json
---
error]]></ee:set-variable>
					</ee:variables>
			</ee:transform>
		</on-error-continue>
	</error-handler>
	
	<sub-flow name="common-error-logic-subflow" doc:id="2ebecc47-d4d1-467e-8183-eff9a59ddd7b" >
		<ee:transform doc:name="prepareErrorMessage" doc:id="5542af3b-331e-4e0c-9a9f-ea2258e425a3">
			<ee:message>
				<ee:set-payload resource="dwl/error_response_message.dwl" />
			</ee:message>
		</ee:transform>
		<flow-ref doc:name="errorLogSubflow" doc:id="0461581b-9fa1-4e9e-8eba-5d5a18376041" name="error-log-subflow"/>
		<flow-ref doc:name="errorEventNotificationSubflow" doc:id="da441b1d-f438-4fbf-bc82-896ba70ee404" name="error-event-notification-subflow"/>
	</sub-flow>
	<error-handler name="global-jwt-exception-strategy" doc:id="f2fe3d4e-87b4-487a-b3e5-1e02ec5f21ef" >
		<on-error-propagate enableNotifications="true" logException="true" doc:name="On Error Propagate" doc:id="712ab0b8-5847-4a9e-b568-df6c73f94a8c" type="ANY">
			<ee:transform doc:name="prepareErrorMessage" doc:id="2b04d4b4-7109-45c1-b969-979c024e6115" >
				<ee:message >
				</ee:message>
				<ee:variables >
					<ee:set-variable variableName="errorDetails" ><![CDATA[%dw 2.0
output application/json
---
{
	errorCode: Mule::p('error.code19'),
	priority: Mule::p('kafka_headers.error_priority_p1'),
	errorName: Mule::p('jwt.errorName'),
	errorMessage: Mule::p('jwt.errorMessage')
}]]></ee:set-variable>
					<ee:set-variable variableName="httpStatus" ><![CDATA[%dw 2.0
output application/java
---
Mule::p('api.muleExpression.httpStatus') as Number]]></ee:set-variable>
				</ee:variables>
			</ee:transform>
			<async doc:name="Async" doc:id="08bcafb5-27a3-4794-8638-b770b4d834b9" >
				<flow-ref doc:name="errorLogSubFlow" doc:id="0a5a7579-4a9c-49ea-8e05-dc5e644886b5" name="error-log-subflow"/>
				<ee:transform doc:name="setErrorPayload" doc:id="8d2805f1-1f94-4598-9c40-8998a4690214" >
					<ee:message >
						<ee:set-payload ><![CDATA[%dw 2.0
output application/json
var externalRefId = uuid()
---
{
	"kafkaHeader": {
		"serviceStartTime": vars.jwtDetails.startTime,
		"eventType": Mule::p('kafka_headers.error_event_type'),
		"serviceAction": vars.jwtDetails.incomingUri,
		"correlationId": vars.incomingRequestDetails.externalRefId,
		"serviceEndTime": (now() >>"UTC") as String {
			format: "yyyy-MM-dd'T'HH:mm:ss.SSSSSS"
		},
		"serviceId": Mule::p('jwt.serviceId'),
		"serviceName": Mule::p('jwt.serviceName'),
		"externalRefId": vars.incomingRequestDetails.externalRefId,
		"apiKey": null,
		"serviceUri": vars.jwtDetails.incomingHttpMethod,
		"authPricipal": null,
		"serviceBuildId": null,
		"tenantId": Mule::p('kafka_headers.tenant_id'),
		"serviceMethod": Mule::p('jwt.serviceMethod'),
		"businessArea": Mule::p('kafka_headers.business_area'),
		"businessDomain": Mule::p('kafka_headers.business_domain'),
		"eventTime": (now() >>"UTC") as String {
			format: "yyyy-MM-dd'T'HH:mm:ss.SSSSSS"
		}
	},
	errorEvent: {
		"ErrorCode": if(vars.errorDetails.errorCode?) vars.errorDetails.errorCode else error.errorType.identifier,
		"ErrorMessage": vars.errorDetails.errorMessage,
		"StackTrace": error.detailedDescription,
		"Priority": if(vars.errorDetails.priority?) vars.errorDetails.priority else (Mule::p('kafka_headers.error_priority_p1')),
		"EmailTo": Mule::p('kafka_headers.email_address'),
		"ErrorType": if(vars.errorDetails.priority == (Mule::p('kafka_headers.error_priority_p5'))) Mule::p('kafka_headers.business_error_name') else Mule::p('kafka_headers.system_error_name'),
		"ErrorName": vars.errorDetails.errorName,
		"HttpStatusCode": vars.httpStatus
	}
}]]></ee:set-payload>
					</ee:message>
				</ee:transform>
				<logger level="INFO" doc:name="logPayload" doc:id="e3686d09-e2b7-4659-a3b0-4da64706b2a4" message="Error Event Payload: #[payload]"/>
				<http:request method="${wu_events.method}" doc:name="postErrorEvents" doc:id="a683dd46-77f1-46d8-a953-cb73573d5d24" config-ref="WUEventsHTTPRequestConfig" path="${wu_events.error_events_path}">
					<http:headers ><![CDATA[#[%dw 2.0
import p from Mule
output application/java
---
{
	"x-wu-externalRefId": vars.incomingRequestDetails.externalRefId,
	"x-api-key": p('commonsvc.xapikey'),
	"x-wu-correlationId": vars.incomingRequestDetails.correlationId
}]]]></http:headers>
				</http:request>
			</async>
		</on-error-propagate>
	</error-handler>


</mule>