<?xml version="1.0" encoding="UTF-8"?>

<mule xmlns:ee="http://www.mulesoft.org/schema/mule/ee/core" xmlns="http://www.mulesoft.org/schema/mule/core"
	xmlns:doc="http://www.mulesoft.org/schema/mule/documentation"
	xmlns:xsi="http://www.w3.org/2001/XMLSchema-instance" xsi:schemaLocation="http://www.mulesoft.org/schema/mule/core http://www.mulesoft.org/schema/mule/core/current/mule.xsd
http://www.mulesoft.org/schema/mule/ee/core http://www.mulesoft.org/schema/mule/ee/core/current/mule-ee.xsd">
	
	<sub-flow name="start-log-subflow" doc:id="a49e18d9-d2ec-4062-a4ce-085f2ca91928" >
		<ee:transform doc:name="setFlowStartTimestamp" doc:id="41b46f2c-065e-469b-b51d-d227b3c8b692" >
			<ee:message >
			</ee:message>
			<ee:variables >
				<ee:set-variable variableName="flowStartTimestamp" ><![CDATA[%dw 2.0
output application/json
---
{
	'timestamp': now() as Number {unit: "milliseconds"}
}]]></ee:set-variable>
			</ee:variables>
		</ee:transform>
		<async doc:name="Async" doc:id="72a63084-0271-440d-848f-b7d60b1a17a1" >
			<set-variable value="${eventName.start}" doc:name="setEventName" doc:id="9fa81fe8-9c9e-45a2-b2ca-052898ebe48e" variableName="eventName" />
			<flow-ref doc:name="prepareLoggerMessageSubflow" doc:id="d2adb489-ff9c-4173-b9ba-8cc47fbfd0cd" name="prepare-logger-message-subflow" />
			<logger level="INFO" doc:name="flowStartLog" doc:id="07f447e3-88d7-48c0-95e6-f1c6606e92a4" message="#[payload]" category="com.wu.mule.info"/>
		</async>
	</sub-flow>
	<sub-flow name="resource-start-log-subflow" doc:id="04c3c06f-ad4b-4e75-9d26-5f1be8e3b371" >
		<ee:transform doc:name="Set Resource Start Timestamp" doc:id="c8133b5f-4e3a-4d9f-a44b-1d73093719a7" >
			<ee:message >
			</ee:message>
			<ee:variables >
				<ee:set-variable variableName="resourceStartTimestamp" ><![CDATA[%dw 2.0
output application/json
---
{
	'timestamp': now() as Number {unit: "milliseconds"}
}]]></ee:set-variable>
			</ee:variables>
		</ee:transform>
		<async doc:name="Async" doc:id="57c97a61-fab3-4da0-876f-fa44a5e0c045" >
			<set-variable value="${eventName.BEFORE_RESOURCE}" doc:name="setEventName" doc:id="cc7dcf8d-318f-4917-9407-c48e38e6b617" variableName="eventName" />
			<flow-ref doc:name="prepareLoggerMessageSubflow" doc:id="af883f99-fa1a-431c-8616-5fa4d4f12f9e" name="prepare-logger-message-subflow" />
			<logger level="INFO" doc:name="flowStartLog" doc:id="6e0eb4d1-5032-4213-b1f5-7ced75ca6081" message="#[payload]" category="com.wu.mule.info"/>
		</async>
	</sub-flow>
	<sub-flow name="outbound-start-log-subflow" doc:id="fc84148a-42f0-4491-8981-87ff3fca9e0a" >
		<ee:transform doc:name="Set Outbound Start Timestamp" doc:id="dd7ddabd-229e-4011-8b75-8da465114af5" >
			<ee:message >
			</ee:message>
			<ee:variables >
				<ee:set-variable variableName="outboundStartTimestamp" ><![CDATA[%dw 2.0
output application/json
---
{
	'timestamp': now() as Number {unit: "milliseconds"}
}]]></ee:set-variable>
			</ee:variables>
		</ee:transform>
		<async doc:name="Async" doc:id="ffcfbb79-39ef-40d0-8ee0-d872355134c9" >
			<set-variable value="${eventName.BEFORE_OUTBOUND}" doc:name="setEventName" doc:id="e07da40c-6d9a-4d78-ac86-b1d4a39d1571" variableName="eventName" />
			<flow-ref doc:name="prepareLoggerMessageSubflow" doc:id="a64c9e85-552a-4293-bd22-9c81e1ef06ab" name="prepare-logger-message-subflow" />
			<logger level="DEBUG" doc:name="flowStartLog" doc:id="d309b1c7-5e66-4bbe-8a48-66e1f16b85ff" message="#[payload]" category="com.wu.mule.debug"/>
		</async>
	</sub-flow>
	<sub-flow name="transform-start-log-subflow" doc:id="2f97cc68-ce29-4832-9363-a8f56bd63e38" >
		<ee:transform doc:name="Set Transform Start Timestamp" doc:id="2a3ad314-2df2-40f0-85be-d7d6014be3ca" >
			<ee:message >
			</ee:message>
			<ee:variables >
				<ee:set-variable variableName="transformStartTimestamp" ><![CDATA[%dw 2.0
output application/json
---
{
	'timestamp': now() as Number {unit: "milliseconds"}
}]]></ee:set-variable>
			</ee:variables>
		</ee:transform>
		<async doc:name="Async" doc:id="895b552d-6493-4367-b077-f4fda5e02fc6" >
			<set-variable value="${eventName.BEFORE_TRANSFORM}" doc:name="setEventName" doc:id="a38fe4ad-5230-476c-a755-d2a74e7d2a3b" variableName="eventName" />
			<flow-ref doc:name="prepareLoggerMessageSubflow" doc:id="fc272102-a7c6-4e00-b3ee-66ba9386fdec" name="prepare-logger-message-subflow" />
			<logger level="DEBUG" doc:name="flowStartLog" doc:id="a0e85667-f19e-4673-9aa0-2c4c6d433399" message="#[payload]" category="com.wu.mule.debug"/>
		</async>
	</sub-flow>
	<sub-flow name="end-log-subflow" doc:id="faf202ec-21b1-4027-8452-4e2cebaeabe9" >
		<async doc:name="Async" doc:id="167d6385-af5e-4ffb-b8ed-fe23c91bd468" >
			<set-variable value="${eventName.END}" doc:name="setEventName" doc:id="e96820bc-7289-43af-9064-32a12b109398" variableName="eventName" />
			<flow-ref doc:name="prepareLoggerMessageSubflow" doc:id="a9eb79a3-cd00-4b2e-9398-65fff8a0afae" name="prepare-logger-message-subflow"/>
			<logger level="INFO" doc:name="flowStartLog" doc:id="6dd2a67b-1c69-4f1a-adba-12d00a5adbbb" message="#[payload]" category="com.wu.mule.info"/>
		</async>
	</sub-flow>
	<sub-flow name="resource-end-log-subflow" doc:id="f6e2fb82-ad2a-4b47-978c-07f7a0089cc3" >
		<async doc:name="Async" doc:id="9aaffa81-9bfc-4c0d-a2ef-ca8d0d1daa76" >
			<set-variable value="${eventName.AFTER_RESOURCE}" doc:name="setEventName" doc:id="500788fa-7cd3-462c-b237-e3d0f66e90aa" variableName="eventName" />
			<flow-ref doc:name="prepareLoggerMessageSubflow" doc:id="09835f99-48c0-4a26-8e0c-31ffd2c35012" name="prepare-logger-message-subflow"/>
			<logger level="INFO" doc:name="flowStartLog" doc:id="cd9e23ca-e7c9-4e95-bf00-30d7bfd3aea3" message="#[payload]" category="com.wu.mule.info"/>
		</async>
	</sub-flow>
	<sub-flow name="outbound-end-log-subflow" doc:id="99347c0d-e6df-414f-a636-50aaef8efcb7" >
		<async doc:name="Async" doc:id="1a00c99b-79ce-4e9a-9b61-d2c34ef00b20" >
			<set-variable value="${eventName.AFTER_OUTBOUND}" doc:name="setEventName" doc:id="73e52f00-d77b-4b2c-97e4-210f97f3946d" variableName="eventName" />
			<flow-ref doc:name="prepareLoggerMessageSubflow" doc:id="dffa2938-b23e-4ea2-ae06-1dcd9d8be4f6" name="prepare-logger-message-subflow"/>
			<logger level="DEBUG" doc:name="outboundEndLog" doc:id="8c579016-fc30-4187-93d2-0794ad2cc021" message="#[payload]" category="com.wu.mule.debug"/>
		</async>
	</sub-flow>
	<sub-flow name="transform-end-log-subflow" doc:id="3c59e652-04e3-44c9-bf63-15298ea643b9" >
		<async doc:name="Async" doc:id="b1feffc6-0474-4da0-86b7-833eef2f2374" >
			<set-variable value="${eventName.AFTER_TRANSFORM}" doc:name="setEventName" doc:id="f7e3eaf6-e463-407f-98e7-2095d480048e" variableName="eventName" />
			<flow-ref doc:name="prepareLoggerMessageSubflow" doc:id="48c5a81e-b8e7-4b87-b1ca-f008731a3c75" name="prepare-logger-message-subflow"/>
			<logger level="DEBUG" doc:name="transformEndLog" doc:id="fcc0585e-f193-453d-a63f-7219adbb9610" message="#[payload]" category="com.wu.mule.debug"/>
		</async>
	</sub-flow>
	<sub-flow name="error-log-subflow" doc:id="0c72d3a9-9865-42f7-a145-2338997332ca" >
		<async doc:name="Async" doc:id="73bf60b6-e34f-4751-8816-ce35061673a6" >
			<set-variable value="${eventName.ERROR}" doc:name="setEventName" doc:id="c4a70d2d-ac2d-4256-8d5e-16a3c4022f8a" variableName="eventName" />
			<flow-ref doc:name="prepareLoggerMessageSubflow" doc:id="dad88d31-7b08-47dc-b18f-c5ac335f1e5f" name="prepare-logger-message-subflow"/>
			<logger level="ERROR" doc:name="errorLog" doc:id="243bc21e-3bf5-4dc7-b006-f69e4939279d" message="#[payload]" category="com.wu.mule.error"/>
		</async>
	</sub-flow>
	<sub-flow name="prepare-logger-message-subflow" doc:id="8b90251b-7906-4280-817f-9720bf00f2b2" >
		<ee:transform doc:name="prepareLogMessage" doc:id="c7f49a43-d08e-4641-b212-8b8f5b0277ef" >
			<ee:message >
				<ee:set-payload resource="dwl/logger_message.dwl" />
			</ee:message>
		</ee:transform>
		<flow-ref doc:name="Flow Reference-logger-data-masking-sub-flow" doc:id="e4b01e50-95aa-472f-a2c1-325a3f5c5a0f" name="logger-data-masking-sub-flow"/>
	</sub-flow>
</mule>