<?xml version="1.0" encoding="UTF-8"?>

<mule xmlns:os="http://www.mulesoft.org/schema/mule/os"
	xmlns:anypoint-mq="http://www.mulesoft.org/schema/mule/anypoint-mq"
	xmlns:validation="http://www.mulesoft.org/schema/mule/validation"
	xmlns:http="http://www.mulesoft.org/schema/mule/http" xmlns:ee="http://www.mulesoft.org/schema/mule/ee/core"
	xmlns="http://www.mulesoft.org/schema/mule/core"
	xmlns:doc="http://www.mulesoft.org/schema/mule/documentation" xmlns:xsi="http://www.w3.org/2001/XMLSchema-instance" xsi:schemaLocation="
http://www.mulesoft.org/schema/mule/validation http://www.mulesoft.org/schema/mule/validation/current/mule-validation.xsd 
http://www.mulesoft.org/schema/mule/http http://www.mulesoft.org/schema/mule/http/current/mule-http.xsd 
http://www.mulesoft.org/schema/mule/ee/core http://www.mulesoft.org/schema/mule/ee/core/current/mule-ee.xsd http://www.mulesoft.org/schema/mule/core http://www.mulesoft.org/schema/mule/core/current/mule.xsd
http://www.mulesoft.org/schema/mule/anypoint-mq http://www.mulesoft.org/schema/mule/anypoint-mq/current/mule-anypoint-mq.xsd
http://www.mulesoft.org/schema/mule/os http://www.mulesoft.org/schema/mule/os/current/mule-os.xsd">
	<flow name="mambu-subscriber-flow" doc:id="dc731247-2c03-4d34-b924-affc76c196eb">
		<anypoint-mq:subscriber doc:name="mainQueueSubscriber" doc:id="e42cb5da-03cb-4bf1-af60-e7007508ef3b" config-ref="Anypoint_MQ_Config" destination="${mambu.queue.name}" acknowledgementTimeout="${ack.timeout}" acknowledgementMode="MANUAL">
			<anypoint-mq:subscriber-type >
				<anypoint-mq:prefetch maxLocalMessages="${anypoint.mq.max.local.messages}" />
			</anypoint-mq:subscriber-type>
		</anypoint-mq:subscriber>
		<logger level="INFO" doc:name="setLogger" doc:id="6edc15ca-bf2e-406d-8482-7adbc1c5a802" message='#["subscribed from mambu queue"]' category="com.wu.mule.info"/>
		<flow-ref doc:name="mambuUpdateSubFlow" doc:id="1d323776-eeaa-4a82-880f-ab5a5304b54d" name="mambu-update-subflow" />
		<error-handler ref="global-exception-strategy" />
		
	
</flow>
	<flow name="marqeta-subscriber-flow" doc:id="d0cf8ada-7faf-41b3-a3ac-dad85602b747">
		<anypoint-mq:subscriber doc:name="mainQueueSubscriber" doc:id="96ea97db-0495-45fd-80d4-b6649eb1e4c8" config-ref="Anypoint_MQ_Config" destination="${marqeta.queue.name}" acknowledgementMode="MANUAL" acknowledgementTimeout="${ack.timeout}">
			<anypoint-mq:subscriber-type >
				<anypoint-mq:prefetch maxLocalMessages="${anypoint.mq.max.local.messages}" />
			</anypoint-mq:subscriber-type>
		</anypoint-mq:subscriber>
		<logger level="INFO" doc:name="setLogger" doc:id="3861798f-586e-4faf-80e1-d5cd2d401e9a" message='#["subscribed from marqeta queue"]' category="com.wu.mule.info"/>
		<flow-ref doc:name="marqetaProcessSubflow" doc:id="66be7586-d54a-4b7d-b9d3-ad088e326b41" name="marqeta-process-subflow" />
		<error-handler ref="global-exception-strategy" />
		
	
</flow>
	<sub-flow name="marqeta-process-subflow" doc:id="70dfa528-fbc9-4f57-a6e6-595e51c28f89" >
		<ee:transform doc:name="storeIncomingHTTPDetails" doc:id="bdca4e29-661c-490f-913f-0ec743dd6ff2">
					<ee:message />
					<ee:variables>
						<ee:set-variable variableName="incomingHeaders"><![CDATA[%dw 2.0
output application/java
---
attributes.headers]]></ee:set-variable>
						<ee:set-variable variableName="incomingUri"><![CDATA[%dw 2.0
output application/java
---
attributes.requestUri]]></ee:set-variable>
						<ee:set-variable variableName="incomingQueryparams"><![CDATA[%dw 2.0
output application/java
---
attributes.queryParams]]></ee:set-variable>
						<ee:set-variable variableName="correlationId"><![CDATA[%dw 2.0
output application/java
---
attributes.properties.'x-wu-correlationId' default correlationId]]></ee:set-variable>
						<ee:set-variable variableName="incomingHttpMethod"><![CDATA[%dw 2.0
output application/java
---
attributes.method]]></ee:set-variable>
						<ee:set-variable variableName="startTime"><![CDATA[%dw 2.0
output application/java
---
(now() >>"UTC") as String {
			format: "yyyy-MM-dd'T'HH:mm:ss.SSSSSS"
		}]]></ee:set-variable>
				<ee:set-variable variableName="x-wu-externalRefId"><![CDATA[%dw 2.0
output application/java
---
attributes.properties.'x-wu-externalRefId']]></ee:set-variable>
				<ee:set-variable variableName="incomingPayload"><![CDATA[%dw 2.0
output application/json
---
payload]]></ee:set-variable>
				<ee:set-variable variableName="ackToken" ><![CDATA[%dw 2.0
output application/java
---
attributes.ackToken]]></ee:set-variable>
					
</ee:variables>
				</ee:transform>
		<os:retrieve doc:name="retrieveTokenFromCache" doc:id="df6a3fcd-0269-4ff5-8623-2ee67f5e69fd" key="jwt-eu-token" objectStore="jwt_Token_Object_Store" target="jwtTokenEU">
					<os:default-value><![CDATA[#[vars.jwtTokenEU]]]></os:default-value>
				</os:retrieve>
		<choice doc:name="Choice" doc:id="aa53f835-b5b7-4210-b0ac-57194d011438" >
			<when expression="#[vars.incomingPayload.phoneNumber?]">
				<flow-ref doc:name="getMambuClientidSubflow" doc:id="876ded1f-1d08-4b5e-8903-58bc59893fcd" name="get-mambu-clientid-subflow"/>
				<flow-ref doc:name="marqetaSubflow" doc:id="f94c6d32-5b9a-4172-ac40-a96d48f76d40" name="marqeta-update-subflow" />
			</when>
			<otherwise >
				<logger level="INFO" doc:name="Logger" doc:id="a22fe58b-d48a-4c90-ad13-d0579e734c26" message="Phone Number missing"/>
			</otherwise>
		</choice>
	</sub-flow>
	<flow name="marqeta-update-subflow" doc:id="c21e5122-d93c-4ba5-96c0-27924e6989e3" >
		<set-variable value="${marqeta.upstreamName}" doc:name="setUpstreamServiceName" doc:id="5c62a836-165d-4098-9cdc-f98613da79ed" variableName="upstreamServiceName" />
		<ee:transform doc:name="Marqeta Update Request" doc:id="cd217a12-37f9-4e41-9caa-39089bc1d08b" >
			<ee:message >
				<ee:set-payload ><![CDATA[%dw 2.0
output application/json skipNullOn = 'everywhere'
---
{
	 "phone": "+" ++ vars.incomingPayload.phoneNumberCode ++ vars.incomingPayload.phoneNumber  
}]]></ee:set-payload>
			</ee:message>
			<ee:variables >
			</ee:variables>
		</ee:transform>
		<logger level="DEBUG" doc:name="marqetaRequestLogger" doc:id="46fe3fde-9627-4251-af39-144a9e245f5d" category="com.wu.mule.debug" message="#[payload]"/>
		<flow-ref doc:name="outboundStartLogSubflow" doc:id="2143bdee-8f02-4e4d-8701-12dd31c9177c" name="outbound-start-log-subflow" />
		<until-successful maxRetries="${http.request.max.retries}" doc:name="Until Successful" doc:id="fcb8f738-aad6-4f4b-8570-27626d248d16" millisBetweenRetries="${http.request.retry.frequency}">
			<try doc:name="Try" doc:id="2ba39a19-bc1e-4fa1-812e-1d0fce636940">
				<http:request method="PUT" doc:name="Marqeta Request" doc:id="594919c6-1cbb-4ddc-979f-090e4fa3f6c9" config-ref="MarqetaRequest" path="${marqeta.path}{UserToken}" responseTimeout="${marqeta.response.timeout}">
					<http:body ><![CDATA[#[%dw 2.0
output application/json
---
payload]]]></http:body>
					<http:headers><![CDATA[#[output application/java
---
{
	"x-wu-externalRefId" : vars."x-wu-externalRefId",
	"x-wu-correlationId": vars.correlationId,
	"x-api-key" : p('connector.x-api-key'),
	"Authorization" : vars.jwtTokenEU,
	"Content-Type" : "application/json"
}]]]></http:headers>
					<http:uri-params><![CDATA[#[%dw 2.0
output application/java
---
{
	"UserToken" : vars.mambuClientDetailsResponse."_marqeta".marqetaUserToken
}]]]></http:uri-params>
					<http:query-params><![CDATA[#[output application/java
---
{
	"detailsLevel" : "FULL"
}]]]></http:query-params>
				</http:request>
				<error-handler >
					<on-error-continue enableNotifications="true" logException="true" doc:name="On Error Continue" doc:id="306ed9d6-02c5-4684-854b-c2d5ce7ba390" when='#[(error.errorType.identifier != "CONNECTIVITY") and (error.errorType.identifier != "SERVICE_UNAVAILABLE") and (error.errorType.identifier != "TIMEOUT")  and (error.errorType.identifier != "GATEWAY_TIMEOUT") and (error.errorType.identifier != "BAD_GATEWAY")]'>
						<set-variable value="#[error]" doc:name="setErrorObject" doc:id="65844590-8c93-4c97-bc0c-f9b1968aa792" variableName="errorObject"/>
						<ee:transform doc:name="errorEventMessagePayload" doc:id="b80deaeb-6b36-433f-8d9a-82ac24f189df">
							<ee:message>
							</ee:message>
							<ee:variables>
						<ee:set-variable variableName="incomingRequestDetails" ><![CDATA[%dw 2.0
output application/json
---
{
	"correlationId": attributes.properties."x-wu-correlationId" default correlationId,
	"externalRefId": attributes.properties."x-wu-externalRefId",
	"xAPIKey": attributes.properties."x-api-key",
	"startTime": (now() >>"UTC") as String {
			format: "yyyy-MM-dd'T'HH:mm:ss.SSSSSS"
		}
}]]></ee:set-variable>
						<ee:set-variable variableName="flowStartTimestamp" ><![CDATA[%dw 2.0
output application/json
---
{
	'timestamp': now() as Number {unit: "milliseconds"}
}]]></ee:set-variable>
						<ee:set-variable variableName="resourceStartTimestamp" ><![CDATA[%dw 2.0
output application/json
---
{
	'timestamp': now() as Number {unit: "milliseconds"}
}]]></ee:set-variable>
						<ee:set-variable variableName="outboundStartTimestamp" ><![CDATA[%dw 2.0
output application/json
---
{
	'timestamp': now() as Number {unit: "milliseconds"}
}]]></ee:set-variable>
						<ee:set-variable variableName="transformStartTimestamp" ><![CDATA[%dw 2.0
output application/json
---
{
	'timestamp': now() as Number {unit: "milliseconds"}
}]]></ee:set-variable>
							
</ee:variables>
						</ee:transform>
					</on-error-continue>
				</error-handler>
				
			
</try>
		</until-successful>
		<flow-ref doc:name="outboundEndLogSubflow" doc:id="b29fb26d-2d9c-4e23-8d5a-82dc3c81479d" name="outbound-end-log-subflow" />
		<logger level="DEBUG" doc:name="marqetaResponseLogger" doc:id="30be7997-64d3-4655-a763-ef6477b9b60a" message="#[payload]" category="com.wu.mule.debug" />
		<anypoint-mq:ack doc:name="sendPositiveAck" doc:id="b560f0c8-9179-4dc5-ae5e-f2769237c581" config-ref="Anypoint_MQ_Config" ackToken="#[vars.ackToken]" />
		<ee:transform doc:name="Transform Message" doc:id="f94a8e44-dc7d-4552-922c-5655d4422973" >
			<ee:message >
			</ee:message>
			<ee:variables >
				<ee:set-variable variableName="applicationHeaders" ><![CDATA[%dw 2.0
import p from Mule
output application/json
---
{
	"processName": p('processName'),
	"flowName": p('marqetaUpdateSubFlow'),
}]]></ee:set-variable>
			</ee:variables>
		</ee:transform>
		<validation:is-true doc:name="expressionValidator" doc:id="e5dfbd8a-7bbf-49f9-a346-9445bd666293" expression="#[vars.errorObject == null]">
			<error-mapping sourceType="VALIDATION:INVALID_BOOLEAN" targetType="APP:HTTP_REQUEST_ERROR" />
		</validation:is-true>
		<set-variable value="#[%dw 2.0&#10;import p from Mule&#10;output application/java&#10;---&#10;write({ &#10;  &quot;EventData&quot;: {&#10;	&quot;description&quot;: p('marqeta.businessEvent.desciption'),&#10;	&quot;customerUmn&quot;: vars.incomingPayload.customerUmn,&#10;	&quot;processName&quot;: p('processName'),&#10;	&quot;flowName&quot;: p('marqetaUpdateSubFlow'),&#10;	&quot;eventStage&quot; : p('marqeta.businessEvent.eventStage'),&#10;	&quot;system&quot; : p('marqeta.businessEvent.system'),&#10;	&quot;source&quot; : p('marqeta.businessEvent.source'),&#10;	&quot;clientId&quot;: vars.incomingPayload.clientId&#10;}&#10; },&quot;application/json&quot;)]" doc:name="setBusinessEventData" doc:id="196f5511-16cc-478e-a504-61bf72a7ceda" variableName="businessEventData"/>
		<flow-ref doc:name="businessEventNotifySubFlow" doc:id="f1dd36c2-8712-4541-a9e3-18895404d9ac" name="business-event-notification-subflow" />
		<error-handler >
			
			<on-error-propagate type="MULE:RETRY_EXHAUSTED" enableNotifications="true" logException="true">
				<ee:transform doc:name="errorEventMessagePayload" doc:id="16f58815-c23e-47a6-86af-c394feb25d87">
							<ee:message>
							</ee:message>
							<ee:variables>
						<ee:set-variable variableName="incomingRequestDetails" ><![CDATA[%dw 2.0
output application/json
---
{
	"correlationId": attributes.properties."x-wu-correlationId" default correlationId,
	"externalRefId": attributes.properties."x-wu-externalRefId",
	"xAPIKey": attributes.properties."x-api-key",
	"startTime": (now() >>"UTC") as String {
			format: "yyyy-MM-dd'T'HH:mm:ss.SSSSSS"
		}
}]]></ee:set-variable>
						<ee:set-variable variableName="flowStartTimestamp" ><![CDATA[%dw 2.0
output application/json
---
{
	'timestamp': now() as Number {unit: "milliseconds"}
}]]></ee:set-variable>
						<ee:set-variable variableName="resourceStartTimestamp" ><![CDATA[%dw 2.0
output application/json
---
{
	'timestamp': now() as Number {unit: "milliseconds"}
}]]></ee:set-variable>
						<ee:set-variable variableName="outboundStartTimestamp" ><![CDATA[%dw 2.0
output application/json
---
{
	'timestamp': now() as Number {unit: "milliseconds"}
}]]></ee:set-variable>
						<ee:set-variable variableName="transformStartTimestamp" ><![CDATA[%dw 2.0
output application/json
---
{
	'timestamp': now() as Number {unit: "milliseconds"}
}]]></ee:set-variable>
						<ee:set-variable variableName="applicationHeaders" ><![CDATA[%dw 2.0
import p from Mule
output application/json
---
{
	"processName": p('processName'),
	"flowName": p('marqetaUpdateSubFlow'),
}]]></ee:set-variable>
							
</ee:variables>
						</ee:transform>
				<anypoint-mq:nack doc:name="sendNegativeAck" doc:id="46dabfc5-0305-4cee-b277-e092669b7afb" config-ref="Anypoint_MQ_Config" ackToken="#[vars.ackToken]" />
				<!-- <flow-ref doc:name="CallToErrorNotifyFlow" doc:id="5d9d4280-66b5-490f-8ba3-465331ca7b40" name="error-event-notification-subflow"/> -->

				
			</on-error-propagate>
			
		</error-handler>
	</flow>
	<flow name="mambu-update-subflow" doc:id="ba5a2e9f-87e2-4ffb-a27e-31d6ea5c1688" >
		<set-variable value="${mambu.upstreamName}" doc:name="setUpstreamServiceName" doc:id="d0fbd160-cffd-41e0-97ee-c6dc7d0992d3" variableName="upstreamServiceName" />
		<ee:transform doc:name="storeIncomingHTTPDetails" doc:id="1bbeb45a-34c6-47ad-a491-dbbaa4344656">
					<ee:message />
					<ee:variables>
						<ee:set-variable variableName="incomingHeaders"><![CDATA[%dw 2.0
output application/java
---
attributes.headers]]></ee:set-variable>
						<ee:set-variable variableName="incomingUri"><![CDATA[%dw 2.0
output application/java
---
attributes.requestUri]]></ee:set-variable>
						<ee:set-variable variableName="incomingQueryparams"><![CDATA[%dw 2.0
output application/java
---
attributes.queryParams]]></ee:set-variable>
						<ee:set-variable variableName="correlationId"><![CDATA[%dw 2.0
output application/java
---
attributes.properties.'x-wu-correlationId' default correlationId]]></ee:set-variable>
						<ee:set-variable variableName="incomingHttpMethod"><![CDATA[%dw 2.0
output application/java
---
attributes.method]]></ee:set-variable>
						<ee:set-variable variableName="startTime"><![CDATA[%dw 2.0
output application/java
---
(now() >>"UTC") as String {
			format: "yyyy-MM-dd'T'HH:mm:ss.SSSSSS"
		}]]></ee:set-variable>
						<ee:set-variable variableName="x-wu-externalRefId"><![CDATA[%dw 2.0
output application/java
---
attributes.properties.'x-wu-externalRefId']]></ee:set-variable>
						<ee:set-variable variableName="incomingPayload"><![CDATA[%dw 2.0
output application/json
---
payload]]></ee:set-variable>
				<ee:set-variable variableName="ackToken" ><![CDATA[%dw 2.0
output application/java
---
attributes.ackToken]]></ee:set-variable>
					
</ee:variables>
				</ee:transform>
		<os:retrieve doc:name="retrieveTokenFromCache" doc:id="dc1a7495-d63d-4ac5-acf7-3ae8cee397b8" key="jwt-eu-token" objectStore="jwt_Token_Object_Store" target="jwtTokenEU">
					<os:default-value><![CDATA[#[vars.jwtTokenEU]]]></os:default-value>
				</os:retrieve>
		<ee:transform doc:name="Mambu Update Request" doc:id="886c76bf-dca0-410a-9569-f2eab3387729">
			<ee:message>
				<ee:set-payload><![CDATA[%dw 2.0
import p from Mule
output application/json skipNullOn="everywhere"

---
[
	({
	"op": p('default.mambu.op'),
	"path": p('default.mambu.phonePath'),	
    "value": "+" ++ vars.incomingPayload.phoneNumberCode ++ vars.incomingPayload.phoneNumber
	}) if(vars.incomingPayload.phoneNumber?),
	({
	"op": p('default.mambu.op'),
	"path": p('default.mambu.emailPath'),	
    "value": vars.incomingPayload.email
	}) if(vars.incomingPayload.email?)
]]]></ee:set-payload>
			</ee:message>
			<ee:variables>
			</ee:variables>
		</ee:transform>
		<logger level="DEBUG" doc:name="mambuRequestLogger" doc:id="1842eaa9-221c-4c87-a440-d0cb6fc69212" message="#[payload]" category="com.wu.mule.debug"/>
		<flow-ref doc:name="outboundStartLogSubflow" doc:id="2f1cf40b-f689-437b-afb0-8138da0a2029" name="outbound-start-log-subflow" />
		<until-successful maxRetries="${http.request.max.retries}" doc:name="Until Successful" doc:id="a660056a-9fe4-499b-9d98-3f1b7aab8266" millisBetweenRetries="${http.request.retry.frequency}">
			<try doc:name="Try" doc:id="036d8277-0527-4da6-9d09-40c94c847739">
				<http:request method="PATCH" doc:name="Mambu Update Request" doc:id="f76bdc7e-6f66-45b9-a823-66cb8234f9ef" config-ref="HTTP_Request_configuration1_mambuUpdate" path="${mambusvc.getClientDetailspath}{clientId}" responseTimeout="${mambusvc.response.timeout1}">
					<http:body><![CDATA[#[%dw 2.0
output application/json
---
payload]]]></http:body>
					<http:headers><![CDATA[#[output application/java
---
{
	"x-wu-externalRefId" : vars."x-wu-externalRefId",
	"x-wu-correlationId": vars.correlationId,
	"x-api-key" : p('connector.x-api-key'),
	"Authorization" : vars.jwtTokenEU,
	"Accept" : p('header.accept')
}]]]></http:headers>
					<http:uri-params><![CDATA[#[%dw 2.0
output application/json
---
{
	"clientId" : vars.incomingPayload.clientId
}]]]></http:uri-params>
				</http:request>
				<error-handler >
					<on-error-continue enableNotifications="true" logException="true" doc:name="On Error Continue" doc:id="e69f27a1-7c7d-4110-816f-31e4df341521" when='#[(error.errorType.identifier != "CONNECTIVITY") and (error.errorType.identifier != "SERVICE_UNAVAILABLE") and (error.errorType.identifier != "TIMEOUT")  and (error.errorType.identifier != "GATEWAY_TIMEOUT") and (error.errorType.identifier != "BAD_GATEWAY")]'>
						<set-variable value="#[error]" doc:name="setErrorObject" doc:id="4b30c4fa-de2b-4347-ae05-08ad6f718d9a" variableName="errorObject"/>
						<ee:transform doc:name="errorEventMessagePayload" doc:id="d2801d73-5337-4910-92fb-4a23d93a11ee">
							<ee:message>
							</ee:message>
							<ee:variables>
						<ee:set-variable variableName="incomingRequestDetails" ><![CDATA[%dw 2.0
output application/json
---
{
	"correlationId": attributes.properties."x-wu-correlationId" default correlationId,
	"externalRefId": attributes.properties."x-wu-externalRefId",
	"xAPIKey": attributes.properties."x-api-key",
	"startTime": (now() >>"UTC") as String {
			format: "yyyy-MM-dd'T'HH:mm:ss.SSSSSS"
		}
}]]></ee:set-variable>
						<ee:set-variable variableName="flowStartTimestamp" ><![CDATA[%dw 2.0
output application/json
---
{
	'timestamp': now() as Number {unit: "milliseconds"}
}]]></ee:set-variable>
						<ee:set-variable variableName="resourceStartTimestamp" ><![CDATA[%dw 2.0
output application/json
---
{
	'timestamp': now() as Number {unit: "milliseconds"}
}]]></ee:set-variable>
						<ee:set-variable variableName="outboundStartTimestamp" ><![CDATA[%dw 2.0
output application/json
---
{
	'timestamp': now() as Number {unit: "milliseconds"}
}]]></ee:set-variable>
						<ee:set-variable variableName="transformStartTimestamp" ><![CDATA[%dw 2.0
output application/json
---
{
	'timestamp': now() as Number {unit: "milliseconds"}
}]]></ee:set-variable>
							
</ee:variables>
						</ee:transform>
					</on-error-continue>
				</error-handler>
				
			
</try>
		</until-successful>
		<flow-ref doc:name="outboundEndLogSubflow" doc:id="09cf9900-5df8-4eb0-a97a-064383be2c5e" name="outbound-end-log-subflow" />
		<logger level="DEBUG" doc:name="mambuResponseLogger" doc:id="9c515de6-1c49-4aa5-afc4-9233e5a23d8f" category="com.wu.mule.debug" message="#[payload]"/>
		<anypoint-mq:ack doc:name="sendPositiveAck" doc:id="2f0caf65-8ba1-4021-b9c1-bd45def41bc1" config-ref="Anypoint_MQ_Config" ackToken="#[vars.ackToken]" />
		<ee:transform doc:name="Transform Message" doc:id="a29fc42d-52e9-4526-b68f-022ac9ba9945" >
			<ee:message >
			</ee:message>
			<ee:variables >
				<ee:set-variable variableName="applicationHeaders" ><![CDATA[%dw 2.0
import p from Mule
output application/json
---
{
	"processName": p('processName'),
	"flowName": p('mambuUpdateSubFlow'),
}]]></ee:set-variable>
			</ee:variables>
		</ee:transform>
		<validation:is-true doc:name="expressionValidator" doc:id="9e1f2f09-b31c-4932-a9dd-992ec4009c0f" expression="#[vars.errorObject == null]">
			<error-mapping sourceType="VALIDATION:INVALID_BOOLEAN" targetType="APP:HTTP_REQUEST_ERROR" />
		</validation:is-true>
		<set-variable value="#[%dw 2.0&#10;import p from Mule&#10;output application/java&#10;---&#10;write({&#10;  &quot;EventData&quot;: {&#10;	&quot;description&quot;: p('mambu.update.businessEvent.desciption'),&#10;	&quot;system&quot; : p('mambu.update.businessEvent.system'),&#10;	&quot;eventStage&quot; : p('mambu.update.businessEvent.eventStage'),&#10;	&quot;processName&quot;: p('processName'),&#10;	&quot;flowName&quot;: p('mambuUpdateSubFlow'),&#10;	&quot;source&quot; : p('mambu.update.businessEvent.source'),&#10;	&quot;customerUmn&quot;: vars.incomingPayload.customerUmn&#10;}},&quot;application/json&quot;)]" doc:name="setBusinessEventData" doc:id="08adbbe6-37d1-409c-869c-11785e5e76d0" variableName="businessEventData" />
		<flow-ref doc:name="businessEventNotifySubFlow" doc:id="58648c09-8e09-4aae-902d-4a8f97ffc379" name="business-event-notification-subflow" />
		<error-handler >
			<on-error-propagate enableNotifications="true" logException="true" doc:name="On Error Propagate" doc:id="ebb27af6-02bf-43df-9839-a4cb38dbbd9d" type="MULE:RETRY_EXHAUSTED">
						<ee:transform doc:name="errorEventMessagePayload" doc:id="dba8ac59-2915-4541-ad8f-42976d6e4fd0">
							<ee:message>
							</ee:message>
							<ee:variables>
						<ee:set-variable variableName="incomingRequestDetails" ><![CDATA[%dw 2.0
output application/json
---
{
	"correlationId": attributes.properties."x-wu-correlationId" default correlationId,
	"externalRefId": attributes.properties."x-wu-externalRefId",
	"xAPIKey": attributes.properties."x-api-key",
	"startTime": (now() >>"UTC") as String {
			format: "yyyy-MM-dd'T'HH:mm:ss.SSSSSS"
		}
}]]></ee:set-variable>
						<ee:set-variable variableName="flowStartTimestamp" ><![CDATA[%dw 2.0
output application/json
---
{
	'timestamp': now() as Number {unit: "milliseconds"}
}]]></ee:set-variable>
						<ee:set-variable variableName="resourceStartTimestamp" ><![CDATA[%dw 2.0
output application/json
---
{
	'timestamp': now() as Number {unit: "milliseconds"}
}]]></ee:set-variable>
						<ee:set-variable variableName="outboundStartTimestamp" ><![CDATA[%dw 2.0
output application/json
---
{
	'timestamp': now() as Number {unit: "milliseconds"}
}]]></ee:set-variable>
						<ee:set-variable variableName="transformStartTimestamp" ><![CDATA[%dw 2.0
output application/json
---
{
	'timestamp': now() as Number {unit: "milliseconds"}
}]]></ee:set-variable>
						<ee:set-variable variableName="applicationHeaders" ><![CDATA[%dw 2.0
import p from Mule
output application/json
---
{
	"processName": p('processName'),
	"flowName": p('mambuUpdateSubFlow'),
}]]></ee:set-variable>
							

</ee:variables>
						</ee:transform>
				<anypoint-mq:nack doc:name="sendNegativeAck" doc:id="43f72f40-0d47-4be1-8f68-cd916fd29ad1" config-ref="Anypoint_MQ_Config" ackToken="#[vars.ackToken]" />
				<!-- <flow-ref doc:name="CallToErrorNotif Flow" doc:id="cf271191-d8d7-4384-8516-6e0e0fc3d481" name="error-event-notification-subflow" /> -->
			</on-error-propagate>
		</error-handler>
	</flow>
	<flow name="get-mambu-clientid-subflow" doc:id="5418b986-37be-4700-ba3f-d50eca3118db" >
		<set-variable value="${mambu.clientid.upstreamName}" doc:name="setUpstreamServiceName" doc:id="786222bc-0fbb-4be9-9dd1-99a94b2b4c1f" variableName="upstreamServiceName" />
				<flow-ref doc:name="outboundStartLogSubflow" doc:id="d34fc9d7-4570-40b2-ae33-0369b6d8d9db" name="outbound-start-log-subflow" />
				<until-successful maxRetries="${http.request.max.retries}" doc:name="Until Successful" doc:id="c71b87be-8151-4166-979f-c8decba91e89" millisBetweenRetries="${http.request.retry.frequency}">
			<try doc:name="Try" doc:id="c67f82cd-92e7-4b74-9b8e-4a58e8c10bd9">
				<http:request method="GET" doc:name="Mambu Client Details" doc:id="336a8787-744c-417f-8a76-08b4c51de912" config-ref="MambuUserToken_Request" path="${mambusvc.getClientDetailspath}{clientId}" responseTimeout="${mambusvc.response.timeout}" target="mambuClientDetailsResponse">
					<http:headers><![CDATA[#[output application/java
---
{
	"x-wu-externalRefId" : vars."x-wu-externalRefId",
	"x-wu-correlationId": vars.correlationId,
	"x-api-key" : p('connector.x-api-key'),
	"Authorization" : vars.jwtTokenEU,
	"Accept" : p('header.accept')
}]]]></http:headers>
					<http:uri-params><![CDATA[#[%dw 2.0
output application/java
---
{
	"clientId" : vars.incomingPayload.clientId
}]]]></http:uri-params>
					<http:query-params><![CDATA[#[output application/java
---
{
	"detailsLevel" : "FULL"
}]]]></http:query-params>
				</http:request>
				<error-handler >
					<on-error-continue enableNotifications="true" logException="true" doc:name="On Error Continue" doc:id="7372d2eb-c9af-4971-9d57-c2605c9b1180" when='#[(error.errorType.identifier != "CONNECTIVITY") and (error.errorType.identifier != "SERVICE_UNAVAILABLE") and (error.errorType.identifier != "TIMEOUT")  and (error.errorType.identifier != "GATEWAY_TIMEOUT") and (error.errorType.identifier != "BAD_GATEWAY")]'>
						<set-variable value="#[error]" doc:name="setErrorObject" doc:id="0674f213-efce-46ea-bd91-67b4550d1e4f" variableName="errorObject"/>
						<ee:transform doc:name="errorEventMessagePayload" doc:id="5612b5d3-6e3e-4cd0-9bb1-5b9172972058">
							<ee:message>
							</ee:message>
							<ee:variables>
						<ee:set-variable variableName="incomingRequestDetails" ><![CDATA[%dw 2.0
output application/json
---
{
	"correlationId": attributes.properties."x-wu-correlationId" default correlationId,
	"externalRefId": attributes.properties."x-wu-externalRefId",
	"xAPIKey": attributes.properties."x-api-key",
	"startTime": (now() >>"UTC") as String {
			format: "yyyy-MM-dd'T'HH:mm:ss.SSSSSS"
		}
}]]></ee:set-variable>
						<ee:set-variable variableName="flowStartTimestamp" ><![CDATA[%dw 2.0
output application/json
---
{
	'timestamp': now() as Number {unit: "milliseconds"}
}]]></ee:set-variable>
						<ee:set-variable variableName="resourceStartTimestamp" ><![CDATA[%dw 2.0
output application/json
---
{
	'timestamp': now() as Number {unit: "milliseconds"}
}]]></ee:set-variable>
						<ee:set-variable variableName="outboundStartTimestamp" ><![CDATA[%dw 2.0
output application/json
---
{
	'timestamp': now() as Number {unit: "milliseconds"}
}]]></ee:set-variable>
						<ee:set-variable variableName="transformStartTimestamp" ><![CDATA[%dw 2.0
output application/json
---
{
	'timestamp': now() as Number {unit: "milliseconds"}
}]]></ee:set-variable>
							
</ee:variables>
						</ee:transform>
					</on-error-continue>
				</error-handler>
				
			
</try>
		</until-successful>
				<flow-ref doc:name="outboundEndLogSubflow" doc:id="21be8fc6-5b33-4ea5-99e3-06e84c29d978" name="outbound-end-log-subflow" />
		<anypoint-mq:ack doc:name="send" doc:id="7d9037e8-3646-4a26-ab85-8979ceaf5990" config-ref="Anypoint_MQ_Config" ackToken="#[vars.ackToken]"/>
		<ee:transform doc:name="Transform Message" doc:id="915bac05-53d5-4bc5-a255-9748f7d346f9" >
			<ee:message >
			</ee:message>
			<ee:variables >
				<ee:set-variable variableName="applicationHeaders" ><![CDATA[%dw 2.0
import p from Mule
output application/json
---
{
	"processName": p('processName'),
	"flowName": p('getMambuSubFlow'),
}]]></ee:set-variable>
			</ee:variables>
		</ee:transform>
		<validation:is-true doc:name="expressionValidator" doc:id="6a903bc3-1cc7-4343-be1f-ea6c58e3cdd3" expression="#[vars.errorObject == null]">
			
				<error-mapping sourceType="VALIDATION:INVALID_BOOLEAN" targetType="APP:HTTP_REQUEST_ERROR" />
		</validation:is-true>
		<ee:transform doc:name="setBusinessEventData" doc:id="cb76da7f-cc29-4ded-b243-314e3c7cba44">
					<ee:message />
					<ee:variables>
						<ee:set-variable variableName="businessEventData"><![CDATA[%dw 2.0
import p from Mule
output application/java
---
write({ 

  "EventData": {
	"description": p('mambu.token.businessEvent.desciption'),
	"system" : p('mambu.update.businessEvent.system'),
	"eventStage" : p('mambu.token.businessEvent.eventStage'),
	"source" : p('mambu.update.businessEvent.source'),
	"processName": p('processName'),
	"flowName": p('getMambuSubFlow'),
	"clientId": vars.customerRequest.clientId,
	"customerUmn": vars.incomingPayload.customerUmn
}

 },"application/json")]]></ee:set-variable>
					</ee:variables>
				</ee:transform>
		<flow-ref doc:name="Call Business Event Notify SubFlow" doc:id="826a15ea-818c-4088-b2aa-5b10c1bc289b" name="business-event-notification-subflow" />
		<error-handler >
			<on-error-propagate enableNotifications="true" logException="true" doc:name="On Error Propagate" doc:id="0f97e3be-4111-4df0-9c45-2480d9376eef" type="MULE:RETRY_EXHAUSTED">
				<ee:transform doc:name="errorEventMessagePayload" doc:id="ae511eb4-327e-478c-93c9-9f213a7a83ef">
							<ee:message>
							</ee:message>
							<ee:variables>
						<ee:set-variable variableName="incomingRequestDetails" ><![CDATA[%dw 2.0
output application/json
---
{
	"correlationId": attributes.properties."x-wu-correlationId" default correlationId,
	"externalRefId": attributes.properties."x-wu-externalRefId",
	"xAPIKey": attributes.properties."x-api-key",
	"startTime": (now() >>"UTC") as String {
			format: "yyyy-MM-dd'T'HH:mm:ss.SSSSSS"
		}
}]]></ee:set-variable>
						<ee:set-variable variableName="flowStartTimestamp" ><![CDATA[%dw 2.0
output application/json
---
{
	'timestamp': now() as Number {unit: "milliseconds"}
}]]></ee:set-variable>
						<ee:set-variable variableName="resourceStartTimestamp" ><![CDATA[%dw 2.0
output application/json
---
{
	'timestamp': now() as Number {unit: "milliseconds"}
}]]></ee:set-variable>
						<ee:set-variable variableName="outboundStartTimestamp" ><![CDATA[%dw 2.0
output application/json
---
{
	'timestamp': now() as Number {unit: "milliseconds"}
}]]></ee:set-variable>
						<ee:set-variable variableName="transformStartTimestamp" ><![CDATA[%dw 2.0
output application/json
---
{
	'timestamp': now() as Number {unit: "milliseconds"}
}]]></ee:set-variable>
						<ee:set-variable variableName="applicationHeaders" ><![CDATA[%dw 2.0
import p from Mule
output application/json
---
{
	"processName": p('processName'),
	"flowName": p('getMambuSubFlow'),
}]]></ee:set-variable>
							

</ee:variables>
						</ee:transform>
				<anypoint-mq:nack doc:name="sendNegativeAck" doc:id="f999247f-3d2e-402b-ab61-63550eb2f341" config-ref="Anypoint_MQ_Config" ackToken="#[vars.ackToken]"/>
				<!-- <flow-ref doc:name="callToErrorNotifyFlow" doc:id="d9890cee-7591-4e9e-b108-521ff78d5288" name="error-event-notification-subflow"/> -->
			</on-error-propagate>
		</error-handler>
	
</flow>
	

</mule>
