<?xml version='1.0' encoding='UTF-8'?>
<types:mule xmlns:types="http://www.mulesoft.org/schema/mule/types">
  <types:catalog>
    <types:type name="auto_a6916478-bc47-49c9-af5d-660d20544276_Output-Payload" format="java">
      <types:shape format="weave" example="weave/autogenerated/a6916478-bc47-49c9-af5d-660d20544276/Output-Payload.wev" autogeneratedOrigin="88e9f94f-a09b-433c-9b64-d8bc1ff76580"><![CDATA[%dw 2.0

type auto_a6916478_bc47_49c9_af5d_660d20544276_Output_Payload = Any

]]></types:shape>
    </types:type>
    <types:type name="auto_fc84148a-42f0-4491-8981-87ff3fca9e0a_Output-Variables-outboundStartTimestamp" format="json">
      <types:shape format="weave" example="weave/autogenerated/fc84148a-42f0-4491-8981-87ff3fca9e0a/Output-Variables-outboundStartTimestamp.wev" autogeneratedOrigin="8e587f94-bb88-42ba-80e0-7ca66d1d40a0"><![CDATA[%dw 2.0

type auto_fc84148a_42f0_4491_8981_87ff3fca9e0a_Output_Variables_outboundStartTimestamp = {| timestamp: Number {"unit": "milliseconds"} |}

]]></types:shape>
    </types:type>
    <types:type name="auto_2e540dbb-216a-4665-b2cb-845d2eb5d52c_Input-Payload" format="json">
      <types:shape format="weave" example="weave/autogenerated/2e540dbb-216a-4665-b2cb-845d2eb5d52c/Input-Payload.wev" autogeneratedOrigin="0938107c-aceb-4cf0-a4bd-70beaccca634"><![CDATA[%dw 2.0

type auto_2e540dbb_216a_4665_b2cb_845d2eb5d52c_Input_Payload = {|
  customerUmn: Null, 
  eventDefinitionKey: String, 
  data: {|
    messageChannelPreference: String, 
    messageKey: String, 
    phoneNumberOld?: Null, 
    phoneNumberCodeOld: Null, 
    emailAddressOld?: Null
  |}
|}

]]></types:shape>
    </types:type>
    <types:type name="auto_2e540dbb-216a-4665-b2cb-845d2eb5d52c_Input-Variables-businessEventData" format="java">
      <types:shape format="weave" example="weave/autogenerated/2e540dbb-216a-4665-b2cb-845d2eb5d52c/Input-Variables-businessEventData.wev" autogeneratedOrigin="0938107c-aceb-4cf0-a4bd-70beaccca634"><![CDATA[%dw 2.0

type auto_2e540dbb_216a_4665_b2cb_845d2eb5d52c_Input_Variables_businessEventData = String | Binary

]]></types:shape>
    </types:type>
    <types:type name="auto_2e540dbb-216a-4665-b2cb-845d2eb5d52c_Input-Variables-upstreamServiceName" format="java">
      <types:shape format="raml" autogeneratedOrigin="0938107c-aceb-4cf0-a4bd-70beaccca634"><![CDATA[#%RAML 1.0 DataType
type: string]]></types:shape>
    </types:type>
    <types:type name="auto_2e540dbb-216a-4665-b2cb-845d2eb5d52c_Input-Variables-outboundStartTimestamp" format="json">
      <types:shape format="weave" example="weave/autogenerated/2e540dbb-216a-4665-b2cb-845d2eb5d52c/Input-Variables-outboundStartTimestamp.wev" autogeneratedOrigin="0938107c-aceb-4cf0-a4bd-70beaccca634"><![CDATA[%dw 2.0

type auto_2e540dbb_216a_4665_b2cb_845d2eb5d52c_Input_Variables_outboundStartTimestamp = {| timestamp: Number {"unit": "milliseconds"} |}

]]></types:shape>
    </types:type>
    <types:type name="auto_2e540dbb-216a-4665-b2cb-845d2eb5d52c_Output-Payload" format="json">
      <types:shape format="weave" example="weave/autogenerated/2e540dbb-216a-4665-b2cb-845d2eb5d52c/Output-Payload.wev" autogeneratedOrigin="0938107c-aceb-4cf0-a4bd-70beaccca634"><![CDATA[%dw 2.0

type auto_2e540dbb_216a_4665_b2cb_845d2eb5d52c_Output_Payload = {|
  customerUmn: Null, 
  eventDefinitionKey: String, 
  data: {|
    messageChannelPreference: String, 
    messageKey: String, 
    phoneNumberOld?: Null, 
    phoneNumberCodeOld: Null, 
    emailAddressOld?: Null
  |}
|}

]]></types:shape>
    </types:type>
    <types:type name="auto_2e540dbb-216a-4665-b2cb-845d2eb5d52c_Output-Variables-businessEventData" format="java">
      <types:shape format="weave" example="weave/autogenerated/2e540dbb-216a-4665-b2cb-845d2eb5d52c/Output-Variables-businessEventData.wev" autogeneratedOrigin="0938107c-aceb-4cf0-a4bd-70beaccca634"><![CDATA[%dw 2.0

type auto_2e540dbb_216a_4665_b2cb_845d2eb5d52c_Output_Variables_businessEventData = String | Binary

]]></types:shape>
    </types:type>
    <types:type name="auto_2e540dbb-216a-4665-b2cb-845d2eb5d52c_Output-Variables-upstreamServiceName" format="java">
      <types:shape format="raml" autogeneratedOrigin="0938107c-aceb-4cf0-a4bd-70beaccca634"><![CDATA[#%RAML 1.0 DataType
type: string]]></types:shape>
    </types:type>
    <types:type name="auto_2e540dbb-216a-4665-b2cb-845d2eb5d52c_Output-Variables-outboundStartTimestamp" format="json">
      <types:shape format="weave" example="weave/autogenerated/2e540dbb-216a-4665-b2cb-845d2eb5d52c/Output-Variables-outboundStartTimestamp.wev" autogeneratedOrigin="0938107c-aceb-4cf0-a4bd-70beaccca634"><![CDATA[%dw 2.0

type auto_2e540dbb_216a_4665_b2cb_845d2eb5d52c_Output_Variables_outboundStartTimestamp = {| timestamp: Number {"unit": "milliseconds"} |}

]]></types:shape>
    </types:type>
    <types:type name="auto_99347c0d-e6df-414f-a636-50aaef8efcb7_Input-Payload" format="json">
      <types:shape format="weave" example="weave/autogenerated/99347c0d-e6df-414f-a636-50aaef8efcb7/Input-Payload.wev" autogeneratedOrigin="e0991bde-f4a9-4868-aea8-642e5c39daff"><![CDATA[%dw 2.0

type auto_99347c0d_e6df_414f_a636_50aaef8efcb7_Input_Payload = {|
  customerUmn: Null, 
  eventDefinitionKey: String, 
  data: {|
    messageChannelPreference: String, 
    messageKey: String, 
    phoneNumberOld?: Null, 
    phoneNumberCodeOld: Null, 
    emailAddressOld?: Null
  |}
|}

]]></types:shape>
    </types:type>
    <types:type name="auto_99347c0d-e6df-414f-a636-50aaef8efcb7_Input-Variables-businessEventData" format="java">
      <types:shape format="weave" example="weave/autogenerated/99347c0d-e6df-414f-a636-50aaef8efcb7/Input-Variables-businessEventData.wev" autogeneratedOrigin="e0991bde-f4a9-4868-aea8-642e5c39daff"><![CDATA[%dw 2.0

type auto_99347c0d_e6df_414f_a636_50aaef8efcb7_Input_Variables_businessEventData = String | Binary

]]></types:shape>
    </types:type>
    <types:type name="auto_99347c0d-e6df-414f-a636-50aaef8efcb7_Input-Variables-upstreamServiceName" format="java">
      <types:shape format="raml" autogeneratedOrigin="e0991bde-f4a9-4868-aea8-642e5c39daff"><![CDATA[#%RAML 1.0 DataType
type: string]]></types:shape>
    </types:type>
    <types:type name="auto_99347c0d-e6df-414f-a636-50aaef8efcb7_Input-Variables-outboundStartTimestamp" format="json">
      <types:shape format="weave" example="weave/autogenerated/99347c0d-e6df-414f-a636-50aaef8efcb7/Input-Variables-outboundStartTimestamp.wev" autogeneratedOrigin="e0991bde-f4a9-4868-aea8-642e5c39daff"><![CDATA[%dw 2.0

type auto_99347c0d_e6df_414f_a636_50aaef8efcb7_Input_Variables_outboundStartTimestamp = {| timestamp: Number {"unit": "milliseconds"} |}

]]></types:shape>
    </types:type>
    <types:type name="auto_99347c0d-e6df-414f-a636-50aaef8efcb7_Output-Payload" format="json">
      <types:shape format="weave" example="weave/autogenerated/99347c0d-e6df-414f-a636-50aaef8efcb7/Output-Payload.wev" autogeneratedOrigin="e0991bde-f4a9-4868-aea8-642e5c39daff"><![CDATA[%dw 2.0

type auto_99347c0d_e6df_414f_a636_50aaef8efcb7_Output_Payload = {|
  customerUmn: Null, 
  eventDefinitionKey: String, 
  data: {|
    messageChannelPreference: String, 
    messageKey: String, 
    phoneNumberOld?: Null, 
    phoneNumberCodeOld: Null, 
    emailAddressOld?: Null
  |}
|}

]]></types:shape>
    </types:type>
    <types:type name="auto_99347c0d-e6df-414f-a636-50aaef8efcb7_Output-Variables-businessEventData" format="java">
      <types:shape format="weave" example="weave/autogenerated/99347c0d-e6df-414f-a636-50aaef8efcb7/Output-Variables-businessEventData.wev" autogeneratedOrigin="e0991bde-f4a9-4868-aea8-642e5c39daff"><![CDATA[%dw 2.0

type auto_99347c0d_e6df_414f_a636_50aaef8efcb7_Output_Variables_businessEventData = String | Binary

]]></types:shape>
    </types:type>
    <types:type name="auto_99347c0d-e6df-414f-a636-50aaef8efcb7_Output-Variables-upstreamServiceName" format="java">
      <types:shape format="raml" autogeneratedOrigin="e0991bde-f4a9-4868-aea8-642e5c39daff"><![CDATA[#%RAML 1.0 DataType
type: string]]></types:shape>
    </types:type>
    <types:type name="auto_99347c0d-e6df-414f-a636-50aaef8efcb7_Output-Variables-outboundStartTimestamp" format="json">
      <types:shape format="weave" example="weave/autogenerated/99347c0d-e6df-414f-a636-50aaef8efcb7/Output-Variables-outboundStartTimestamp.wev" autogeneratedOrigin="e0991bde-f4a9-4868-aea8-642e5c39daff"><![CDATA[%dw 2.0

type auto_99347c0d_e6df_414f_a636_50aaef8efcb7_Output_Variables_outboundStartTimestamp = {| timestamp: Number {"unit": "milliseconds"} |}

]]></types:shape>
    </types:type>
    <types:type name="auto_272e16d2-9b78-4e6d-b3bf-571b1c6f3ec1_Input-Payload" format="json">
      <types:shape format="weave" example="weave/autogenerated/272e16d2-9b78-4e6d-b3bf-571b1c6f3ec1/Input-Payload.wev" autogeneratedOrigin="a76d8d8d-1019-4a31-8a14-ca564cd792d0"><![CDATA[%dw 2.0

type auto_272e16d2_9b78_4e6d_b3bf_571b1c6f3ec1_Input_Payload = {|
  customerUmn: Null, 
  eventDefinitionKey: String, 
  data: {|
    messageChannelPreference: String, 
    messageKey: String, 
    phoneNumberOld?: Null, 
    phoneNumberCodeOld: Null, 
    emailAddressOld?: Null
  |}
|}

]]></types:shape>
    </types:type>
    <types:type name="auto_272e16d2-9b78-4e6d-b3bf-571b1c6f3ec1_Input-Variables-businessEventData" format="java">
      <types:shape format="weave" example="weave/autogenerated/272e16d2-9b78-4e6d-b3bf-571b1c6f3ec1/Input-Variables-businessEventData.wev" autogeneratedOrigin="a76d8d8d-1019-4a31-8a14-ca564cd792d0"><![CDATA[%dw 2.0

type auto_272e16d2_9b78_4e6d_b3bf_571b1c6f3ec1_Input_Variables_businessEventData = String | Binary

]]></types:shape>
    </types:type>
    <types:type name="auto_272e16d2-9b78-4e6d-b3bf-571b1c6f3ec1_Input-Variables-upstreamServiceName" format="java">
      <types:shape format="raml" autogeneratedOrigin="a76d8d8d-1019-4a31-8a14-ca564cd792d0"><![CDATA[#%RAML 1.0 DataType
type: string]]></types:shape>
    </types:type>
    <types:type name="auto_272e16d2-9b78-4e6d-b3bf-571b1c6f3ec1_Input-Variables-outboundStartTimestamp" format="json">
      <types:shape format="weave" example="weave/autogenerated/272e16d2-9b78-4e6d-b3bf-571b1c6f3ec1/Input-Variables-outboundStartTimestamp.wev" autogeneratedOrigin="a76d8d8d-1019-4a31-8a14-ca564cd792d0"><![CDATA[%dw 2.0

type auto_272e16d2_9b78_4e6d_b3bf_571b1c6f3ec1_Input_Variables_outboundStartTimestamp = {| timestamp: Number {"unit": "milliseconds"} |}

]]></types:shape>
    </types:type>
    <types:type name="auto_272e16d2-9b78-4e6d-b3bf-571b1c6f3ec1_Output-Payload" format="json">
      <types:shape format="weave" example="weave/autogenerated/272e16d2-9b78-4e6d-b3bf-571b1c6f3ec1/Output-Payload.wev" autogeneratedOrigin="a76d8d8d-1019-4a31-8a14-ca564cd792d0"><![CDATA[%dw 2.0

type auto_272e16d2_9b78_4e6d_b3bf_571b1c6f3ec1_Output_Payload = {|
  customerUmn: Null, 
  eventDefinitionKey: String, 
  data: {|
    messageChannelPreference: String, 
    messageKey: String, 
    phoneNumberOld?: Null, 
    phoneNumberCodeOld: Null, 
    emailAddressOld?: Null
  |}
|}

]]></types:shape>
    </types:type>
    <types:type name="auto_272e16d2-9b78-4e6d-b3bf-571b1c6f3ec1_Output-Variables-businessEventData" format="java">
      <types:shape format="weave" example="weave/autogenerated/272e16d2-9b78-4e6d-b3bf-571b1c6f3ec1/Output-Variables-businessEventData.wev" autogeneratedOrigin="a76d8d8d-1019-4a31-8a14-ca564cd792d0"><![CDATA[%dw 2.0

type auto_272e16d2_9b78_4e6d_b3bf_571b1c6f3ec1_Output_Variables_businessEventData = String | Binary

]]></types:shape>
    </types:type>
    <types:type name="auto_272e16d2-9b78-4e6d-b3bf-571b1c6f3ec1_Output-Variables-upstreamServiceName" format="java">
      <types:shape format="raml" autogeneratedOrigin="a76d8d8d-1019-4a31-8a14-ca564cd792d0"><![CDATA[#%RAML 1.0 DataType
type: string]]></types:shape>
    </types:type>
    <types:type name="auto_272e16d2-9b78-4e6d-b3bf-571b1c6f3ec1_Output-Variables-outboundStartTimestamp" format="json">
      <types:shape format="weave" example="weave/autogenerated/272e16d2-9b78-4e6d-b3bf-571b1c6f3ec1/Output-Variables-outboundStartTimestamp.wev" autogeneratedOrigin="a76d8d8d-1019-4a31-8a14-ca564cd792d0"><![CDATA[%dw 2.0

type auto_272e16d2_9b78_4e6d_b3bf_571b1c6f3ec1_Output_Variables_outboundStartTimestamp = {| timestamp: Number {"unit": "milliseconds"} |}

]]></types:shape>
    </types:type>
    <types:type name="auto_353e32f3-7f17-4c0e-8ad7-a9cdf9b2e918_Input-Payload" format="java">
      <types:shape format="weave" example="weave/autogenerated/353e32f3-7f17-4c0e-8ad7-a9cdf9b2e918/Input-Payload.wev" autogeneratedOrigin="fba5c3cf-bb0e-46fe-83d4-c046003c86bf"><![CDATA[%dw 2.0

type auto_353e32f3_7f17_4c0e_8ad7_a9cdf9b2e918_Input_Payload = Any

]]></types:shape>
    </types:type>
    <types:type name="auto_353e32f3-7f17-4c0e-8ad7-a9cdf9b2e918_Input-Attributes" format="java">
      <types:shape format="weave" example="weave/autogenerated/353e32f3-7f17-4c0e-8ad7-a9cdf9b2e918/Input-Attributes.wev" autogeneratedOrigin="fba5c3cf-bb0e-46fe-83d4-c046003c86bf"><![CDATA[%dw 2.0

type auto_353e32f3_7f17_4c0e_8ad7_a9cdf9b2e918_Input_Attributes = {|
  clientCertificate?: {|
    publicKey?: {|  |}, 
    "type"?: String, 
    encoded?: Binary
  |}, 
  headers: {|  |}, 
  listenerPath: String, 
  method: String, 
  queryParams: {|  |}, 
  queryString: String, 
  relativePath: String, 
  remoteAddress: String, 
  requestPath: String, 
  requestUri: String, 
  scheme: String, 
  uriParams: {|  |}, 
  version: String, 
  localAddress: String
|}

]]></types:shape>
    </types:type>
    <types:type name="auto_353e32f3-7f17-4c0e-8ad7-a9cdf9b2e918_Output-Payload" format="java">
      <types:shape format="weave" example="weave/autogenerated/353e32f3-7f17-4c0e-8ad7-a9cdf9b2e918/Output-Payload.wev" autogeneratedOrigin="fba5c3cf-bb0e-46fe-83d4-c046003c86bf"><![CDATA[%dw 2.0

type auto_353e32f3_7f17_4c0e_8ad7_a9cdf9b2e918_Output_Payload = Any

]]></types:shape>
    </types:type>
    <types:type name="auto_353e32f3-7f17-4c0e-8ad7-a9cdf9b2e918_Output-Attributes" format="java">
      <types:shape format="weave" example="weave/autogenerated/353e32f3-7f17-4c0e-8ad7-a9cdf9b2e918/Output-Attributes.wev" autogeneratedOrigin="fba5c3cf-bb0e-46fe-83d4-c046003c86bf"><![CDATA[%dw 2.0

type auto_353e32f3_7f17_4c0e_8ad7_a9cdf9b2e918_Output_Attributes = {|
  clientCertificate?: {|
    publicKey?: {|  |}, 
    "type"?: String, 
    encoded?: Binary
  |}, 
  headers: {|  |}, 
  listenerPath: String, 
  method: String, 
  queryParams: {|  |}, 
  queryString: String, 
  relativePath: String, 
  remoteAddress: String, 
  requestPath: String, 
  requestUri: String, 
  scheme: String, 
  uriParams: {|  |}, 
  version: String, 
  localAddress: String
|}

]]></types:shape>
    </types:type>
    <types:type name="auto_0c72d3a9-9865-42f7-a145-2338997332ca_Input-Variables-httpStatus" format="java">
      <types:shape format="raml" autogeneratedOrigin="0a5a7579-4a9c-49ea-8e05-dc5e644886b5"><![CDATA[#%RAML 1.0 DataType
type: string]]></types:shape>
    </types:type>
    <types:type name="auto_0c72d3a9-9865-42f7-a145-2338997332ca_Input-Variables-errorDetails" format="json">
      <types:shape format="weave" example="weave/autogenerated/0c72d3a9-9865-42f7-a145-2338997332ca/Input-Variables-errorDetails.wev" autogeneratedOrigin="0a5a7579-4a9c-49ea-8e05-dc5e644886b5"><![CDATA[%dw 2.0

type auto_0c72d3a9_9865_42f7_a145_2338997332ca_Input_Variables_errorDetails = {|
  errorCode: String, 
  priority: String, 
  errorName: String, 
  errorMessage: String
|}

]]></types:shape>
    </types:type>
    <types:type name="auto_0c72d3a9-9865-42f7-a145-2338997332ca_Output-Variables-httpStatus" format="java">
      <types:shape format="raml" autogeneratedOrigin="0a5a7579-4a9c-49ea-8e05-dc5e644886b5"><![CDATA[#%RAML 1.0 DataType
type: string]]></types:shape>
    </types:type>
    <types:type name="auto_0c72d3a9-9865-42f7-a145-2338997332ca_Output-Variables-errorDetails" format="json">
      <types:shape format="weave" example="weave/autogenerated/0c72d3a9-9865-42f7-a145-2338997332ca/Output-Variables-errorDetails.wev" autogeneratedOrigin="0a5a7579-4a9c-49ea-8e05-dc5e644886b5"><![CDATA[%dw 2.0

type auto_0c72d3a9_9865_42f7_a145_2338997332ca_Output_Variables_errorDetails = {|
  errorCode: String, 
  priority: String, 
  errorName: String, 
  errorMessage: String
|}

]]></types:shape>
    </types:type>
  </types:catalog>
  <types:enrichment select="#a6916478-bc47-49c9-af5d-660d20544276">
    <types:processor-declaration>
      <types:output-event>
        <types:message>
          <types:payload type="auto_a6916478-bc47-49c9-af5d-660d20544276_Output-Payload"/>
        </types:message>
      </types:output-event>
    </types:processor-declaration>
  </types:enrichment>
  <types:enrichment select="#fc84148a-42f0-4491-8981-87ff3fca9e0a">
    <types:processor-declaration>
      <types:output-event>
        <types:variables>
          <types:variable name="outboundStartTimestamp" type="auto_fc84148a-42f0-4491-8981-87ff3fca9e0a_Output-Variables-outboundStartTimestamp"/>
        </types:variables>
      </types:output-event>
    </types:processor-declaration>
  </types:enrichment>
  <types:enrichment select="#2e540dbb-216a-4665-b2cb-845d2eb5d52c">
    <types:processor-declaration>
      <types:input-event>
        <types:message>
          <types:payload type="auto_2e540dbb-216a-4665-b2cb-845d2eb5d52c_Input-Payload"/>
        </types:message>
        <types:variables>
          <types:variable name="businessEventData" type="auto_2e540dbb-216a-4665-b2cb-845d2eb5d52c_Input-Variables-businessEventData"/>
          <types:variable name="upstreamServiceName" type="auto_2e540dbb-216a-4665-b2cb-845d2eb5d52c_Input-Variables-upstreamServiceName"/>
          <types:variable name="outboundStartTimestamp" type="auto_2e540dbb-216a-4665-b2cb-845d2eb5d52c_Input-Variables-outboundStartTimestamp"/>
        </types:variables>
      </types:input-event>
      <types:output-event>
        <types:message>
          <types:payload type="auto_2e540dbb-216a-4665-b2cb-845d2eb5d52c_Output-Payload"/>
        </types:message>
        <types:variables>
          <types:variable name="businessEventData" type="auto_2e540dbb-216a-4665-b2cb-845d2eb5d52c_Output-Variables-businessEventData"/>
          <types:variable name="upstreamServiceName" type="auto_2e540dbb-216a-4665-b2cb-845d2eb5d52c_Output-Variables-upstreamServiceName"/>
          <types:variable name="outboundStartTimestamp" type="auto_2e540dbb-216a-4665-b2cb-845d2eb5d52c_Output-Variables-outboundStartTimestamp"/>
        </types:variables>
      </types:output-event>
    </types:processor-declaration>
  </types:enrichment>
  <types:enrichment select="#99347c0d-e6df-414f-a636-50aaef8efcb7">
    <types:processor-declaration>
      <types:input-event>
        <types:message>
          <types:payload type="auto_99347c0d-e6df-414f-a636-50aaef8efcb7_Input-Payload"/>
        </types:message>
        <types:variables>
          <types:variable name="businessEventData" type="auto_99347c0d-e6df-414f-a636-50aaef8efcb7_Input-Variables-businessEventData"/>
          <types:variable name="upstreamServiceName" type="auto_99347c0d-e6df-414f-a636-50aaef8efcb7_Input-Variables-upstreamServiceName"/>
          <types:variable name="outboundStartTimestamp" type="auto_99347c0d-e6df-414f-a636-50aaef8efcb7_Input-Variables-outboundStartTimestamp"/>
        </types:variables>
      </types:input-event>
      <types:output-event>
        <types:message>
          <types:payload type="auto_99347c0d-e6df-414f-a636-50aaef8efcb7_Output-Payload"/>
        </types:message>
        <types:variables>
          <types:variable name="businessEventData" type="auto_99347c0d-e6df-414f-a636-50aaef8efcb7_Output-Variables-businessEventData"/>
          <types:variable name="upstreamServiceName" type="auto_99347c0d-e6df-414f-a636-50aaef8efcb7_Output-Variables-upstreamServiceName"/>
          <types:variable name="outboundStartTimestamp" type="auto_99347c0d-e6df-414f-a636-50aaef8efcb7_Output-Variables-outboundStartTimestamp"/>
        </types:variables>
      </types:output-event>
    </types:processor-declaration>
  </types:enrichment>
  <types:enrichment select="#272e16d2-9b78-4e6d-b3bf-571b1c6f3ec1">
    <types:processor-declaration>
      <types:input-event>
        <types:message>
          <types:payload type="auto_272e16d2-9b78-4e6d-b3bf-571b1c6f3ec1_Input-Payload"/>
        </types:message>
        <types:variables>
          <types:variable name="businessEventData" type="auto_272e16d2-9b78-4e6d-b3bf-571b1c6f3ec1_Input-Variables-businessEventData"/>
          <types:variable name="upstreamServiceName" type="auto_272e16d2-9b78-4e6d-b3bf-571b1c6f3ec1_Input-Variables-upstreamServiceName"/>
          <types:variable name="outboundStartTimestamp" type="auto_272e16d2-9b78-4e6d-b3bf-571b1c6f3ec1_Input-Variables-outboundStartTimestamp"/>
        </types:variables>
      </types:input-event>
      <types:output-event>
        <types:message>
          <types:payload type="auto_272e16d2-9b78-4e6d-b3bf-571b1c6f3ec1_Output-Payload"/>
        </types:message>
        <types:variables>
          <types:variable name="businessEventData" type="auto_272e16d2-9b78-4e6d-b3bf-571b1c6f3ec1_Output-Variables-businessEventData"/>
          <types:variable name="upstreamServiceName" type="auto_272e16d2-9b78-4e6d-b3bf-571b1c6f3ec1_Output-Variables-upstreamServiceName"/>
          <types:variable name="outboundStartTimestamp" type="auto_272e16d2-9b78-4e6d-b3bf-571b1c6f3ec1_Output-Variables-outboundStartTimestamp"/>
        </types:variables>
      </types:output-event>
    </types:processor-declaration>
  </types:enrichment>
  <types:enrichment select="#353e32f3-7f17-4c0e-8ad7-a9cdf9b2e918">
    <types:processor-declaration>
      <types:input-event>
        <types:message>
          <types:payload type="auto_353e32f3-7f17-4c0e-8ad7-a9cdf9b2e918_Input-Payload"/>
          <types:attributes type="auto_353e32f3-7f17-4c0e-8ad7-a9cdf9b2e918_Input-Attributes"/>
        </types:message>
      </types:input-event>
      <types:output-event>
        <types:message>
          <types:payload type="auto_353e32f3-7f17-4c0e-8ad7-a9cdf9b2e918_Output-Payload"/>
          <types:attributes type="auto_353e32f3-7f17-4c0e-8ad7-a9cdf9b2e918_Output-Attributes"/>
        </types:message>
      </types:output-event>
    </types:processor-declaration>
  </types:enrichment>
  <types:enrichment select="#0c72d3a9-9865-42f7-a145-2338997332ca">
    <types:processor-declaration>
      <types:input-event>
        <types:variables>
          <types:variable name="httpStatus" type="auto_0c72d3a9-9865-42f7-a145-2338997332ca_Input-Variables-httpStatus"/>
          <types:variable name="errorDetails" type="auto_0c72d3a9-9865-42f7-a145-2338997332ca_Input-Variables-errorDetails"/>
        </types:variables>
      </types:input-event>
      <types:output-event>
        <types:variables>
          <types:variable name="httpStatus" type="auto_0c72d3a9-9865-42f7-a145-2338997332ca_Output-Variables-httpStatus"/>
          <types:variable name="errorDetails" type="auto_0c72d3a9-9865-42f7-a145-2338997332ca_Output-Variables-errorDetails"/>
        </types:variables>
      </types:output-event>
    </types:processor-declaration>
  </types:enrichment>
  <types:enrichment select="#16f58815-c23e-47a6-86af-c394feb25d87"/>
  <types:enrichment select="#dba8ac59-2915-4541-ad8f-42976d6e4fd0"/>
  <types:enrichment select="#ae511eb4-327e-478c-93c9-9f213a7a83ef"/>
</types:mule>